N100 FINANCIAL INTELLIGENCE PLATFORM
DAY 13 — RATIO EDGE CASE LOG
================================================================================

Comparison:
Computed ROCE vs source ROCE: anomaly threshold > 5 percentage points
Computed ROE vs source ROE: anomaly threshold > 5 percentage points

--------------------------------------------------------------------------------
Company: ABB
Year: Dec 2012
Metric: ROCE
Calculated: 31.2210
Source: 46.0000
Difference: 14.7790
Category: DATA_SOURCE_ISSUE
Explanation: Source financial inputs produce a materially different ratio-engine result. The specified formula is retained for analytics; the source ratio is retained for display/reference.
--------------------------------------------------------------------------------
Company: ABB
Year: Dec 2012
Metric: ROE
Calculated: 22.4111
Source: 34.9000
Difference: 12.4889
Category: DATA_SOURCE_ISSUE
Explanation: Source financial inputs produce a materially different ratio-engine result. The specified formula is retained for analytics; the source ratio is retained for display/reference.
--------------------------------------------------------------------------------
Company: ABB
Year: Mar 2014
Metric: ROCE
Calculated: 33.8832
Source: 46.0000
Difference: 12.1168
Category: DATA_SOURCE_ISSUE
Explanation: Source financial inputs produce a materially different ratio-engine result. The specified formula is retained for analytics; the source ratio is retained for display/reference.
--------------------------------------------------------------------------------
Company: ABB
Year: Mar 2014
Metric: ROE
Calculated: 25.1269
Source: 34.9000
Difference: 9.7731
Category: DATA_SOURCE_ISSUE
Explanation: Source financial inputs produce a materially different ratio-engine result. The specified formula is retained for analytics; the source ratio is retained for display/reference.
--------------------------------------------------------------------------------
Company: ABB
Year: Mar 2015
Metric: ROCE
Calculated: 33.2978
Source: 46.0000
Difference: 12.7022
Category: DATA_SOURCE_ISSUE
Explanation: Source financial inputs produce a materially different ratio-engine result. The specified formula is retained for analytics; the source ratio is retained for display/reference.
--------------------------------------------------------------------------------
Company: ABB
Year: Mar 2015
Metric: ROE
Calculated: 24.4397
Source: 34.9000
Difference: 10.4603
Category: DATA_SOURCE_ISSUE
Explanation: Source financial inputs produce a materially different ratio-engine result. The specified formula is retained for analytics; the source ratio is retained for display/reference.
--------------------------------------------------------------------------------
Company: ABB
Year: Mar 2016
Metric: ROCE
Calculated: 30.5439
Source: 46.0000
Difference: 15.4561
Category: DATA_SOURCE_ISSUE
Explanation: Source financial inputs produce a materially different ratio-engine result. The specified formula is retained for analytics; the source ratio is retained for display/reference.
--------------------------------------------------------------------------------
Company: ABB
Year: Mar 2016
Metric: ROE
Calculated: 21.3389
Source: 34.9000
Difference: 13.5611
Category: DATA_SOURCE_ISSUE
Explanation: Source financial inputs produce a materially different ratio-engine result. The specified formula is retained for analytics; the source ratio is retained for display/reference.
--------------------------------------------------------------------------------
Company: ABB
Year: Mar 2017
Metric: ROCE
Calculated: 28.6950
Source: 46.0000
Difference: 17.3050
Category: DATA_SOURCE_ISSUE
Explanation: Source financial inputs produce a materially different ratio-engine result. The specified formula is retained for analytics; the source ratio is retained for display/reference.
--------------------------------------------------------------------------------
Company: ABB
Year: Mar 2017
Metric: ROE
Calculated: 19.9712
Source: 34.9000
Difference: 14.9288
Category: DATA_SOURCE_ISSUE
Explanation: Source financial inputs produce a materially different ratio-engine result. The specified formula is retained for analytics; the source ratio is retained for display/reference.
--------------------------------------------------------------------------------
Company: ABB
Year: Mar 2018
Metric: ROCE
Calculated: 31.0100
Source: 46.0000
Difference: 14.9900
Category: DATA_SOURCE_ISSUE
Explanation: Source financial inputs produce a materially different ratio-engine result. The specified formula is retained for analytics; the source ratio is retained for display/reference.
--------------------------------------------------------------------------------
Company: ABB
Year: Mar 2018
Metric: ROE
Calculated: 23.6858
Source: 34.9000
Difference: 11.2142
Category: DATA_SOURCE_ISSUE
Explanation: Source financial inputs produce a materially different ratio-engine result. The specified formula is retained for analytics; the source ratio is retained for display/reference.
--------------------------------------------------------------------------------
Company: ABB
Year: Mar 2019
Metric: ROCE
Calculated: 30.1295
Source: 46.0000
Difference: 15.8705
Category: DATA_SOURCE_ISSUE
Explanation: Source financial inputs produce a materially different ratio-engine result. The specified formula is retained for analytics; the source ratio is retained for display/reference.
--------------------------------------------------------------------------------
Company: ABB
Year: Mar 2019
Metric: ROE
Calculated: 22.4104
Source: 34.9000
Difference: 12.4896
Category: DATA_SOURCE_ISSUE
Explanation: Source financial inputs produce a materially different ratio-engine result. The specified formula is retained for analytics; the source ratio is retained for display/reference.
--------------------------------------------------------------------------------
Company: ABB
Year: Mar 2020
Metric: ROCE
Calculated: 29.0483
Source: 46.0000
Difference: 16.9517
Category: DATA_SOURCE_ISSUE
Explanation: Source financial inputs produce a materially different ratio-engine result. The specified formula is retained for analytics; the source ratio is retained for display/reference.
--------------------------------------------------------------------------------
Company: ABB
Year: Mar 2020
Metric: ROE
Calculated: 24.3933
Source: 34.9000
Difference: 10.5067
Category: DATA_SOURCE_ISSUE
Explanation: Source financial inputs produce a materially different ratio-engine result. The specified formula is retained for analytics; the source ratio is retained for display/reference.
--------------------------------------------------------------------------------
Company: ABB
Year: Mar 2021
Metric: ROCE
Calculated: 33.4664
Source: 46.0000
Difference: 12.5336
Category: DATA_SOURCE_ISSUE
Explanation: Source financial inputs produce a materially different ratio-engine result. The specified formula is retained for analytics; the source ratio is retained for display/reference.
--------------------------------------------------------------------------------
Company: ABB
Year: Mar 2021
Metric: ROE
Calculated: 26.5565
Source: 34.9000
Difference: 8.3435
Category: DATA_SOURCE_ISSUE
Explanation: Source financial inputs produce a materially different ratio-engine result. The specified formula is retained for analytics; the source ratio is retained for display/reference.
--------------------------------------------------------------------------------
Company: ABB
Year: Mar 2022
Metric: ROCE
Calculated: 36.4065
Source: 46.0000
Difference: 9.5935
Category: DATA_SOURCE_ISSUE
Explanation: Source financial inputs produce a materially different ratio-engine result. The specified formula is retained for analytics; the source ratio is retained for display/reference.
--------------------------------------------------------------------------------
Company: ABB
Year: Mar 2022
Metric: ROE
Calculated: 28.3333
Source: 34.9000
Difference: 6.5667
Category: DATA_SOURCE_ISSUE
Explanation: Source financial inputs produce a materially different ratio-engine result. The specified formula is retained for analytics; the source ratio is retained for display/reference.
--------------------------------------------------------------------------------
Company: ABB
Year: Mar 2023
Metric: ROCE
Calculated: 36.5344
Source: 46.0000
Difference: 9.4656
Category: DATA_SOURCE_ISSUE
Explanation: Source financial inputs produce a materially different ratio-engine result. The specified formula is retained for analytics; the source ratio is retained for display/reference.
--------------------------------------------------------------------------------
Company: ABB
Year: Mar 2023
Metric: ROE
Calculated: 29.7679
Source: 34.9000
Difference: 5.1321
Category: DATA_SOURCE_ISSUE
Explanation: Source financial inputs produce a materially different ratio-engine result. The specified formula is retained for analytics; the source ratio is retained for display/reference.
--------------------------------------------------------------------------------
Company: ABB
Year: Mar 2024
Metric: ROCE
Calculated: 38.4188
Source: 46.0000
Difference: 7.5812
Category: DATA_SOURCE_ISSUE
Explanation: Source financial inputs produce a materially different ratio-engine result. The specified formula is retained for analytics; the source ratio is retained for display/reference.
--------------------------------------------------------------------------------
Company: ABB
Year: Mar 2024
Metric: ROCE
Calculated: 40.5753
Source: 46.0000
Difference: 5.4247
Category: DATA_SOURCE_ISSUE
Explanation: Source financial inputs produce a materially different ratio-engine result. The specified formula is retained for analytics; the source ratio is retained for display/reference.
--------------------------------------------------------------------------------
Company: ADANIENSOL
Year: Mar 2015
Metric: ROCE
Calculated: 0.9366
Source: 9.0000
Difference: 8.0634
Category: DATA_SOURCE_ISSUE
Explanation: Source financial inputs produce a materially different ratio-engine result. The specified formula is retained for analytics; the source ratio is retained for display/reference.
--------------------------------------------------------------------------------
Company: ADANIENSOL
Year: Mar 2015
Metric: ROE
Calculated: -0.6464
Source: 8.5900
Difference: 9.2364
Category: DATA_SOURCE_ISSUE
Explanation: Source financial inputs produce a materially different ratio-engine result. The specified formula is retained for analytics; the source ratio is retained for display/reference.
--------------------------------------------------------------------------------
Company: ADANIENSOL
Year: Mar 2016
Metric: ROCE
Calculated: 17.1182
Source: 9.0000
Difference: 8.1182
Category: DATA_SOURCE_ISSUE
Explanation: Source financial inputs produce a materially different ratio-engine result. The specified formula is retained for analytics; the source ratio is retained for display/reference.
--------------------------------------------------------------------------------
Company: ADANIENSOL
Year: Mar 2016
Metric: ROE
Calculated: 13.7725
Source: 8.5900
Difference: 5.1825
Category: DATA_SOURCE_ISSUE
Explanation: Source financial inputs produce a materially different ratio-engine result. The specified formula is retained for analytics; the source ratio is retained for display/reference.
--------------------------------------------------------------------------------
Company: ADANIENSOL
Year: Mar 2017
Metric: ROCE
Calculated: 16.6331
Source: 9.0000
Difference: 7.6331
Category: DATA_SOURCE_ISSUE
Explanation: Source financial inputs produce a materially different ratio-engine result. The specified formula is retained for analytics; the source ratio is retained for display/reference.
--------------------------------------------------------------------------------
Company: ADANIENSOL
Year: Mar 2017
Metric: ROE
Calculated: 14.1161
Source: 8.5900
Difference: 5.5261
Category: DATA_SOURCE_ISSUE
Explanation: Source financial inputs produce a materially different ratio-engine result. The specified formula is retained for analytics; the source ratio is retained for display/reference.
--------------------------------------------------------------------------------
Company: ADANIENSOL
Year: Mar 2018
Metric: ROCE
Calculated: 17.1429
Source: 9.0000
Difference: 8.1429
Category: DATA_SOURCE_ISSUE
Explanation: Source financial inputs produce a materially different ratio-engine result. The specified formula is retained for analytics; the source ratio is retained for display/reference.
--------------------------------------------------------------------------------
Company: ADANIENSOL
Year: Mar 2018
Metric: ROE
Calculated: 18.8707
Source: 8.5900
Difference: 10.2807
Category: DATA_SOURCE_ISSUE
Explanation: Source financial inputs produce a materially different ratio-engine result. The specified formula is retained for analytics; the source ratio is retained for display/reference.
--------------------------------------------------------------------------------
Company: ADANIENSOL
Year: Mar 2021
Metric: ROE
Calculated: 14.4635
Source: 8.5900
Difference: 5.8735
Category: DATA_SOURCE_ISSUE
Explanation: Source financial inputs produce a materially different ratio-engine result. The specified formula is retained for analytics; the source ratio is retained for display/reference.
--------------------------------------------------------------------------------
Company: ADANIENT
Year: Mar 2013
Metric: ROE
Calculated: 5.6927
Source: 13.6400
Difference: 7.9473
Category: DATA_SOURCE_ISSUE
Explanation: Source financial inputs produce a materially different ratio-engine result. The specified formula is retained for analytics; the source ratio is retained for display/reference.
--------------------------------------------------------------------------------
Company: ADANIENT
Year: Mar 2016
Metric: ROCE
Calculated: 5.1741
Source: 11.6000
Difference: 6.4259
Category: DATA_SOURCE_ISSUE
Explanation: Source financial inputs produce a materially different ratio-engine result. The specified formula is retained for analytics; the source ratio is retained for display/reference.
--------------------------------------------------------------------------------
Company: ADANIENT
Year: Mar 2016
Metric: ROE
Calculated: 7.4750
Source: 13.6400
Difference: 6.1650
Category: DATA_SOURCE_ISSUE
Explanation: Source financial inputs produce a materially different ratio-engine result. The specified formula is retained for analytics; the source ratio is retained for display/reference.
--------------------------------------------------------------------------------
Company: ADANIENT
Year: Mar 2017
Metric: ROCE
Calculated: 5.4371
Source: 11.6000
Difference: 6.1629
Category: DATA_SOURCE_ISSUE
Explanation: Source financial inputs produce a materially different ratio-engine result. The specified formula is retained for analytics; the source ratio is retained for display/reference.
--------------------------------------------------------------------------------
Company: ADANIENT
Year: Mar 2017
Metric: ROE
Calculated: 6.5436
Source: 13.6400
Difference: 7.0964
Category: DATA_SOURCE_ISSUE
Explanation: Source financial inputs produce a materially different ratio-engine result. The specified formula is retained for analytics; the source ratio is retained for display/reference.
--------------------------------------------------------------------------------
Company: ADANIENT
Year: Mar 2018
Metric: ROCE
Calculated: 6.2275
Source: 11.6000
Difference: 5.3725
Category: DATA_SOURCE_ISSUE
Explanation: Source financial inputs produce a materially different ratio-engine result. The specified formula is retained for analytics; the source ratio is retained for display/reference.
--------------------------------------------------------------------------------
Company: ADANIENT
Year: Mar 2018
Metric: ROE
Calculated: 3.9366
Source: 13.6400
Difference: 9.7034
Category: DATA_SOURCE_ISSUE
Explanation: Source financial inputs produce a materially different ratio-engine result. The specified formula is retained for analytics; the source ratio is retained for display/reference.
--------------------------------------------------------------------------------
Company: ADANIENT
Year: Mar 2019
Metric: ROE
Calculated: 3.4291
Source: 13.6400
Difference: 10.2109
Category: DATA_SOURCE_ISSUE
Explanation: Source financial inputs produce a materially different ratio-engine result. The specified formula is retained for analytics; the source ratio is retained for display/reference.
--------------------------------------------------------------------------------
Company: ADANIENT
Year: Mar 2020
Metric: ROE
Calculated: 6.1368
Source: 13.6400
Difference: 7.5032
Category: DATA_SOURCE_ISSUE
Explanation: Source financial inputs produce a materially different ratio-engine result. The specified formula is retained for analytics; the source ratio is retained for display/reference.
--------------------------------------------------------------------------------
Company: ADANIENT
Year: Mar 2021
Metric: ROE
Calculated: 6.0959
Source: 13.6400
Difference: 7.5441
Category: DATA_SOURCE_ISSUE
Explanation: Source financial inputs produce a materially different ratio-engine result. The specified formula is retained for analytics; the source ratio is retained for display/reference.
--------------------------------------------------------------------------------
Company: ADANIENT
Year: Mar 2022
Metric: ROCE
Calculated: 5.8158
Source: 11.6000
Difference: 5.7842
Category: DATA_SOURCE_ISSUE
Explanation: Source financial inputs produce a materially different ratio-engine result. The specified formula is retained for analytics; the source ratio is retained for display/reference.
--------------------------------------------------------------------------------
Company: ADANIENT
Year: Mar 2022
Metric: ROE
Calculated: 3.5405
Source: 13.6400
Difference: 10.0995
Category: DATA_SOURCE_ISSUE
Explanation: Source financial inputs produce a materially different ratio-engine result. The specified formula is retained for analytics; the source ratio is retained for display/reference.
--------------------------------------------------------------------------------
Company: ADANIENT
Year: Mar 2023
Metric: ROE
Calculated: 7.3281
Source: 13.6400
Difference: 6.3119
Category: DATA_SOURCE_ISSUE
Explanation: Source financial inputs produce a materially different ratio-engine result. The specified formula is retained for analytics; the source ratio is retained for display/reference.
--------------------------------------------------------------------------------
Company: ADANIENT
Year: Mar 2024
Metric: ROE
Calculated: 8.5347
Source: 13.6400
Difference: 5.1053
Category: DATA_SOURCE_ISSUE
Explanation: Source financial inputs produce a materially different ratio-engine result. The specified formula is retained for analytics; the source ratio is retained for display/reference.
--------------------------------------------------------------------------------
Company: ADANIENT
Year: Mar 2024
Metric: ROE
Calculated: 7.9602
Source: 13.6400
Difference: 5.6798
Category: DATA_SOURCE_ISSUE
Explanation: Source financial inputs produce a materially different ratio-engine result. The specified formula is retained for analytics; the source ratio is retained for display/reference.
--------------------------------------------------------------------------------
Company: ADANIGREEN
Year: Mar 2017
Metric: ROCE
Calculated: 7.2613
Source: 96.5000
Difference: 89.2387
Category: DATA_SOURCE_ISSUE
Explanation: Source financial inputs produce a materially different ratio-engine result. The specified formula is retained for analytics; the source ratio is retained for display/reference.
--------------------------------------------------------------------------------
Company: ADANIGREEN
Year: Mar 2017
Metric: ROE
Calculated: -3.9069
Source: 14.7000
Difference: 18.6069
Category: DATA_SOURCE_ISSUE
Explanation: Source financial inputs produce a materially different ratio-engine result. The specified formula is retained for analytics; the source ratio is retained for display/reference.
--------------------------------------------------------------------------------
Company: ADANIGREEN
Year: Mar 2018
Metric: ROCE
Calculated: 7.5234
Source: 96.5000
Difference: 88.9766
Category: DATA_SOURCE_ISSUE
Explanation: Source financial inputs produce a materially different ratio-engine result. The specified formula is retained for analytics; the source ratio is retained for display/reference.
--------------------------------------------------------------------------------
Company: ADANIGREEN
Year: Mar 2018
Metric: ROE
Calculated: -10.2908
Source: 14.7000
Difference: 24.9908
Category: DATA_SOURCE_ISSUE
Explanation: Source financial inputs produce a materially different ratio-engine result. The specified formula is retained for analytics; the source ratio is retained for display/reference.
--------------------------------------------------------------------------------
Company: ADANIGREEN
Year: Mar 2019
Metric: ROCE
Calculated: 11.6711
Source: 96.5000
Difference: 84.8289
Category: DATA_SOURCE_ISSUE
Explanation: Source financial inputs produce a materially different ratio-engine result. The specified formula is retained for analytics; the source ratio is retained for display/reference.
--------------------------------------------------------------------------------
Company: ADANIGREEN
Year: Mar 2019
Metric: ROE
Calculated: -24.5732
Source: 14.7000
Difference: 39.2732
Category: DATA_SOURCE_ISSUE
Explanation: Source financial inputs produce a materially different ratio-engine result. The specified formula is retained for analytics; the source ratio is retained for display/reference.
--------------------------------------------------------------------------------
Company: ADANIGREEN
Year: Mar 2020
Metric: ROCE
Calculated: 8.4190
Source: 96.5000
Difference: 88.0810
Category: DATA_SOURCE_ISSUE
Explanation: Source financial inputs produce a materially different ratio-engine result. The specified formula is retained for analytics; the source ratio is retained for display/reference.
--------------------------------------------------------------------------------
Company: ADANIGREEN
Year: Mar 2020
Metric: ROE
Calculated: -2.8850
Source: 14.7000
Difference: 17.5850
Category: DATA_SOURCE_ISSUE
Explanation: Source financial inputs produce a materially different ratio-engine result. The specified formula is retained for analytics; the source ratio is retained for display/reference.
--------------------------------------------------------------------------------
Company: ADANIGREEN
Year: Mar 2021
Metric: ROCE
Calculated: 8.4857
Source: 96.5000
Difference: 88.0143
Category: DATA_SOURCE_ISSUE
Explanation: Source financial inputs produce a materially different ratio-engine result. The specified formula is retained for analytics; the source ratio is retained for display/reference.
--------------------------------------------------------------------------------
Company: ADANIGREEN
Year: Mar 2021
Metric: ROE
Calculated: 8.2727
Source: 14.7000
Difference: 6.4273
Category: DATA_SOURCE_ISSUE
Explanation: Source financial inputs produce a materially different ratio-engine result. The specified formula is retained for analytics; the source ratio is retained for display/reference.
--------------------------------------------------------------------------------
Company: ADANIGREEN
Year: Mar 2022
Metric: ROCE
Calculated: 6.3341
Source: 96.5000
Difference: 90.1659
Category: DATA_SOURCE_ISSUE
Explanation: Source financial inputs produce a materially different ratio-engine result. The specified formula is retained for analytics; the source ratio is retained for display/reference.
--------------------------------------------------------------------------------
Company: ADANIGREEN
Year: Mar 2023
Metric: ROCE
Calculated: 8.0778
Source: 96.5000
Difference: 88.4222
Category: DATA_SOURCE_ISSUE
Explanation: Source financial inputs produce a materially different ratio-engine result. The specified formula is retained for analytics; the source ratio is retained for display/reference.
--------------------------------------------------------------------------------
Company: ADANIGREEN
Year: Mar 2024
Metric: ROCE
Calculated: 9.7976
Source: 96.5000
Difference: 86.7024
Category: DATA_SOURCE_ISSUE
Explanation: Source financial inputs produce a materially different ratio-engine result. The specified formula is retained for analytics; the source ratio is retained for display/reference.
--------------------------------------------------------------------------------
Company: ADANIGREEN
Year: Mar 2024
Metric: ROCE
Calculated: 9.3813
Source: 96.5000
Difference: 87.1187
Category: DATA_SOURCE_ISSUE
Explanation: Source financial inputs produce a materially different ratio-engine result. The specified formula is retained for analytics; the source ratio is retained for display/reference.
--------------------------------------------------------------------------------
Company: ADANIPORTS
Year: Mar 2013
Metric: ROE
Calculated: 25.6334
Source: 18.1000
Difference: 7.5334
Category: DATA_SOURCE_ISSUE
Explanation: Source financial inputs produce a materially different ratio-engine result. The specified formula is retained for analytics; the source ratio is retained for display/reference.
--------------------------------------------------------------------------------
Company: ADANIPORTS
Year: Mar 2022
Metric: ROE
Calculated: 11.8433
Source: 18.1000
Difference: 6.2567
Category: DATA_SOURCE_ISSUE
Explanation: Source financial inputs produce a materially different ratio-engine result. The specified formula is retained for analytics; the source ratio is retained for display/reference.
--------------------------------------------------------------------------------
Company: ADANIPORTS
Year: Mar 2023
Metric: ROE
Calculated: 11.8773
Source: 18.1000
Difference: 6.2227
Category: DATA_SOURCE_ISSUE
Explanation: Source financial inputs produce a materially different ratio-engine result. The specified formula is retained for analytics; the source ratio is retained for display/reference.
--------------------------------------------------------------------------------
Company: ADANIPOWER
Year: Mar 2013
Metric: ROCE
Calculated: 2.0830
Source: 32.2000
Difference: 30.1170
Category: DATA_SOURCE_ISSUE
Explanation: Source financial inputs produce a materially different ratio-engine result. The specified formula is retained for analytics; the source ratio is retained for display/reference.
--------------------------------------------------------------------------------
Company: ADANIPOWER
Year: Mar 2013
Metric: ROE
Calculated: -53.4591
Source: 57.1000
Difference: 110.5591
Category: DATA_SOURCE_ISSUE
Explanation: Source financial inputs produce a materially different ratio-engine result. The specified formula is retained for analytics; the source ratio is retained for display/reference.
--------------------------------------------------------------------------------
Company: ADANIPOWER
Year: Mar 2014
Metric: ROCE
Calculated: 9.0604
Source: 32.2000
Difference: 23.1396
Category: DATA_SOURCE_ISSUE
Explanation: Source financial inputs produce a materially different ratio-engine result. The specified formula is retained for analytics; the source ratio is retained for display/reference.
--------------------------------------------------------------------------------
Company: ADANIPOWER
Year: Mar 2014
Metric: ROE
Calculated: -4.4475
Source: 57.1000
Difference: 61.5475
Category: DATA_SOURCE_ISSUE
Explanation: Source financial inputs produce a materially different ratio-engine result. The specified formula is retained for analytics; the source ratio is retained for display/reference.
--------------------------------------------------------------------------------
Company: ADANIPOWER
Year: Mar 2015
Metric: ROCE
Calculated: 9.2694
Source: 32.2000
Difference: 22.9306
Category: DATA_SOURCE_ISSUE
Explanation: Source financial inputs produce a materially different ratio-engine result. The specified formula is retained for analytics; the source ratio is retained for display/reference.
--------------------------------------------------------------------------------
Company: ADANIPOWER
Year: Mar 2015
Metric: ROE
Calculated: -14.2533
Source: 57.1000
Difference: 71.3533
Category: DATA_SOURCE_ISSUE
Explanation: Source financial inputs produce a materially different ratio-engine result. The specified formula is retained for analytics; the source ratio is retained for display/reference.
--------------------------------------------------------------------------------
Company: ADANIPOWER
Year: Mar 2016
Metric: ROCE
Calculated: 14.6220
Source: 32.2000
Difference: 17.5780
Category: DATA_SOURCE_ISSUE
Explanation: Source financial inputs produce a materially different ratio-engine result. The specified formula is retained for analytics; the source ratio is retained for display/reference.
--------------------------------------------------------------------------------
Company: ADANIPOWER
Year: Mar 2016
Metric: ROE
Calculated: 7.3781
Source: 57.1000
Difference: 49.7219
Category: DATA_SOURCE_ISSUE
Explanation: Source financial inputs produce a materially different ratio-engine result. The specified formula is retained for analytics; the source ratio is retained for display/reference.
--------------------------------------------------------------------------------
Company: ADANIPOWER
Year: Mar 2017
Metric: ROCE
Calculated: 10.7779
Source: 32.2000
Difference: 21.4221
Category: DATA_SOURCE_ISSUE
Explanation: Source financial inputs produce a materially different ratio-engine result. The specified formula is retained for analytics; the source ratio is retained for display/reference.
--------------------------------------------------------------------------------
Company: ADANIPOWER
Year: Mar 2017
Metric: ROE
Calculated: -205.8000
Source: 57.1000
Difference: 262.9000
Category: DATA_SOURCE_ISSUE
Explanation: Source financial inputs produce a materially different ratio-engine result. The specified formula is retained for analytics; the source ratio is retained for display/reference.
--------------------------------------------------------------------------------
Company: ADANIPOWER
Year: Mar 2018
Metric: ROCE
Calculated: 10.1184
Source: 32.2000
Difference: 22.0816
Category: DATA_SOURCE_ISSUE
Explanation: Source financial inputs produce a materially different ratio-engine result. The specified formula is retained for analytics; the source ratio is retained for display/reference.
--------------------------------------------------------------------------------
Company: ADANIPOWER
Year: Mar 2018
Metric: ROE
Calculated: -236.5579
Source: 57.1000
Difference: 293.6579
Category: DATA_SOURCE_ISSUE
Explanation: Source financial inputs produce a materially different ratio-engine result. The specified formula is retained for analytics; the source ratio is retained for display/reference.
--------------------------------------------------------------------------------
Company: ADANIPOWER
Year: Mar 2019
Metric: ROCE
Calculated: 9.1110
Source: 32.2000
Difference: 23.0890
Category: DATA_SOURCE_ISSUE
Explanation: Source financial inputs produce a materially different ratio-engine result. The specified formula is retained for analytics; the source ratio is retained for display/reference.
--------------------------------------------------------------------------------
Company: ADANIPOWER
Year: Mar 2019
Metric: ROE
Calculated: -12.7593
Source: 57.1000
Difference: 69.8593
Category: DATA_SOURCE_ISSUE
Explanation: Source financial inputs produce a materially different ratio-engine result. The specified formula is retained for analytics; the source ratio is retained for display/reference.
--------------------------------------------------------------------------------
Company: ADANIPOWER
Year: Mar 2020
Metric: ROCE
Calculated: 9.2964
Source: 32.2000
Difference: 22.9036
Category: DATA_SOURCE_ISSUE
Explanation: Source financial inputs produce a materially different ratio-engine result. The specified formula is retained for analytics; the source ratio is retained for display/reference.
--------------------------------------------------------------------------------
Company: ADANIPOWER
Year: Mar 2020
Metric: ROE
Calculated: -35.1026
Source: 57.1000
Difference: 92.2026
Category: DATA_SOURCE_ISSUE
Explanation: Source financial inputs produce a materially different ratio-engine result. The specified formula is retained for analytics; the source ratio is retained for display/reference.
--------------------------------------------------------------------------------
Company: ADANIPOWER
Year: Mar 2021
Metric: ROCE
Calculated: 13.2374
Source: 32.2000
Difference: 18.9626
Category: DATA_SOURCE_ISSUE
Explanation: Source financial inputs produce a materially different ratio-engine result. The specified formula is retained for analytics; the source ratio is retained for display/reference.
--------------------------------------------------------------------------------
Company: ADANIPOWER
Year: Mar 2021
Metric: ROE
Calculated: 9.6850
Source: 57.1000
Difference: 47.4150
Category: DATA_SOURCE_ISSUE
Explanation: Source financial inputs produce a materially different ratio-engine result. The specified formula is retained for analytics; the source ratio is retained for display/reference.
--------------------------------------------------------------------------------
Company: ADANIPOWER
Year: Mar 2022
Metric: ROCE
Calculated: 14.6164
Source: 32.2000
Difference: 17.5836
Category: DATA_SOURCE_ISSUE
Explanation: Source financial inputs produce a materially different ratio-engine result. The specified formula is retained for analytics; the source ratio is retained for display/reference.
--------------------------------------------------------------------------------
Company: ADANIPOWER
Year: Mar 2022
Metric: ROE
Calculated: 26.6132
Source: 57.1000
Difference: 30.4868
Category: DATA_SOURCE_ISSUE
Explanation: Source financial inputs produce a materially different ratio-engine result. The specified formula is retained for analytics; the source ratio is retained for display/reference.
--------------------------------------------------------------------------------
Company: ADANIPOWER
Year: Mar 2023
Metric: ROCE
Calculated: 13.9783
Source: 32.2000
Difference: 18.2217
Category: DATA_SOURCE_ISSUE
Explanation: Source financial inputs produce a materially different ratio-engine result. The specified formula is retained for analytics; the source ratio is retained for display/reference.
--------------------------------------------------------------------------------
Company: ADANIPOWER
Year: Mar 2023
Metric: ROE
Calculated: 35.9051
Source: 57.1000
Difference: 21.1949
Category: DATA_SOURCE_ISSUE
Explanation: Source financial inputs produce a materially different ratio-engine result. The specified formula is retained for analytics; the source ratio is retained for display/reference.
--------------------------------------------------------------------------------
Company: ADANIPOWER
Year: Mar 2024
Metric: ROCE
Calculated: 23.4411
Source: 32.2000
Difference: 8.7589
Category: DATA_SOURCE_ISSUE
Explanation: Source financial inputs produce a materially different ratio-engine result. The specified formula is retained for analytics; the source ratio is retained for display/reference.
--------------------------------------------------------------------------------
Company: ADANIPOWER
Year: Mar 2024
Metric: ROE
Calculated: 48.2767
Source: 57.1000
Difference: 8.8233
Category: DATA_SOURCE_ISSUE
Explanation: Source financial inputs produce a materially different ratio-engine result. The specified formula is retained for analytics; the source ratio is retained for display/reference.
--------------------------------------------------------------------------------
Company: ADANIPOWER
Year: Mar 2024
Metric: ROCE
Calculated: 19.4621
Source: 32.2000
Difference: 12.7379
Category: DATA_SOURCE_ISSUE
Explanation: Source financial inputs produce a materially different ratio-engine result. The specified formula is retained for analytics; the source ratio is retained for display/reference.
--------------------------------------------------------------------------------
Company: ADANIPOWER
Year: Mar 2024
Metric: ROE
Calculated: 37.2252
Source: 57.1000
Difference: 19.8748
Category: DATA_SOURCE_ISSUE
Explanation: Source financial inputs produce a materially different ratio-engine result. The specified formula is retained for analytics; the source ratio is retained for display/reference.
--------------------------------------------------------------------------------
Company: AMBUJACEM
Year: Dec 2012
Metric: ROCE
Calculated: 27.9214
Source: 12.8000
Difference: 15.1214
Category: DATA_SOURCE_ISSUE
Explanation: Source financial inputs produce a materially different ratio-engine result. The specified formula is retained for analytics; the source ratio is retained for display/reference.
--------------------------------------------------------------------------------
Company: AMBUJACEM
Year: Dec 2012
Metric: ROE
Calculated: 14.6868
Source: 9.2400
Difference: 5.4468
Category: DATA_SOURCE_ISSUE
Explanation: Source financial inputs produce a materially different ratio-engine result. The specified formula is retained for analytics; the source ratio is retained for display/reference.
--------------------------------------------------------------------------------
Company: AMBUJACEM
Year: Dec 2014
Metric: ROCE
Calculated: 19.1409
Source: 12.8000
Difference: 6.3409
Category: DATA_SOURCE_ISSUE
Explanation: Source financial inputs produce a materially different ratio-engine result. The specified formula is retained for analytics; the source ratio is retained for display/reference.
--------------------------------------------------------------------------------
Company: AMBUJACEM
Year: Dec 2014
Metric: ROE
Calculated: 14.7666
Source: 9.2400
Difference: 5.5266
Category: DATA_SOURCE_ISSUE
Explanation: Source financial inputs produce a materially different ratio-engine result. The specified formula is retained for analytics; the source ratio is retained for display/reference.
--------------------------------------------------------------------------------
Company: AMBUJACEM
Year: Dec 2017
Metric: ROCE
Calculated: 18.6413
Source: 12.8000
Difference: 5.8413
Category: DATA_SOURCE_ISSUE
Explanation: Source financial inputs produce a materially different ratio-engine result. The specified formula is retained for analytics; the source ratio is retained for display/reference.
--------------------------------------------------------------------------------
Company: AMBUJACEM
Year: Dec 2018
Metric: ROCE
Calculated: 17.8983
Source: 12.8000
Difference: 5.0983
Category: DATA_SOURCE_ISSUE
Explanation: Source financial inputs produce a materially different ratio-engine result. The specified formula is retained for analytics; the source ratio is retained for display/reference.
--------------------------------------------------------------------------------
Company: AMBUJACEM
Year: Dec 2019
Metric: ROCE
Calculated: 19.0597
Source: 12.8000
Difference: 6.2597
Category: DATA_SOURCE_ISSUE
Explanation: Source financial inputs produce a materially different ratio-engine result. The specified formula is retained for analytics; the source ratio is retained for display/reference.
--------------------------------------------------------------------------------
Company: AMBUJACEM
Year: Dec 2020
Metric: ROCE
Calculated: 21.5516
Source: 12.8000
Difference: 8.7516
Category: DATA_SOURCE_ISSUE
Explanation: Source financial inputs produce a materially different ratio-engine result. The specified formula is retained for analytics; the source ratio is retained for display/reference.
--------------------------------------------------------------------------------
Company: AMBUJACEM
Year: Dec 2021
Metric: ROCE
Calculated: 24.0409
Source: 12.8000
Difference: 11.2409
Category: DATA_SOURCE_ISSUE
Explanation: Source financial inputs produce a materially different ratio-engine result. The specified formula is retained for analytics; the source ratio is retained for display/reference.
--------------------------------------------------------------------------------
Company: AMBUJACEM
Year: Dec 2021
Metric: ROE
Calculated: 14.6367
Source: 9.2400
Difference: 5.3967
Category: DATA_SOURCE_ISSUE
Explanation: Source financial inputs produce a materially different ratio-engine result. The specified formula is retained for analytics; the source ratio is retained for display/reference.
--------------------------------------------------------------------------------
Company: APOLLOHOSP
Year: Mar 2016
Metric: ROCE
Calculated: 11.0931
Source: 17.2000
Difference: 6.1069
Category: DATA_SOURCE_ISSUE
Explanation: Source financial inputs produce a materially different ratio-engine result. The specified formula is retained for analytics; the source ratio is retained for display/reference.
--------------------------------------------------------------------------------
Company: APOLLOHOSP
Year: Mar 2016
Metric: ROE
Calculated: 7.0528
Source: 13.8100
Difference: 6.7572
Category: DATA_SOURCE_ISSUE
Explanation: Source financial inputs produce a materially different ratio-engine result. The specified formula is retained for analytics; the source ratio is retained for display/reference.
--------------------------------------------------------------------------------
Company: APOLLOHOSP
Year: Mar 2017
Metric: ROCE
Calculated: 11.3993
Source: 17.2000
Difference: 5.8007
Category: DATA_SOURCE_ISSUE
Explanation: Source financial inputs produce a materially different ratio-engine result. The specified formula is retained for analytics; the source ratio is retained for display/reference.
--------------------------------------------------------------------------------
Company: APOLLOHOSP
Year: Mar 2017
Metric: ROE
Calculated: 3.9529
Source: 13.8100
Difference: 9.8571
Category: DATA_SOURCE_ISSUE
Explanation: Source financial inputs produce a materially different ratio-engine result. The specified formula is retained for analytics; the source ratio is retained for display/reference.
--------------------------------------------------------------------------------
Company: APOLLOHOSP
Year: Mar 2018
Metric: ROCE
Calculated: 11.9928
Source: 17.2000
Difference: 5.2072
Category: DATA_SOURCE_ISSUE
Explanation: Source financial inputs produce a materially different ratio-engine result. The specified formula is retained for analytics; the source ratio is retained for display/reference.
--------------------------------------------------------------------------------
Company: APOLLOHOSP
Year: Mar 2018
Metric: ROE
Calculated: 1.8450
Source: 13.8100
Difference: 11.9650
Category: DATA_SOURCE_ISSUE
Explanation: Source financial inputs produce a materially different ratio-engine result. The specified formula is retained for analytics; the source ratio is retained for display/reference.
--------------------------------------------------------------------------------
Company: APOLLOHOSP
Year: Mar 2019
Metric: ROE
Calculated: 5.9988
Source: 13.8100
Difference: 7.8112
Category: DATA_SOURCE_ISSUE
Explanation: Source financial inputs produce a materially different ratio-engine result. The specified formula is retained for analytics; the source ratio is retained for display/reference.
--------------------------------------------------------------------------------
Company: APOLLOHOSP
Year: Mar 2020
Metric: ROCE
Calculated: 22.9383
Source: 17.2000
Difference: 5.7383
Category: DATA_SOURCE_ISSUE
Explanation: Source financial inputs produce a materially different ratio-engine result. The specified formula is retained for analytics; the source ratio is retained for display/reference.
--------------------------------------------------------------------------------
Company: APOLLOHOSP
Year: Mar 2021
Metric: ROE
Calculated: 2.9763
Source: 13.8100
Difference: 10.8337
Category: DATA_SOURCE_ISSUE
Explanation: Source financial inputs produce a materially different ratio-engine result. The specified formula is retained for analytics; the source ratio is retained for display/reference.
--------------------------------------------------------------------------------
Company: APOLLOHOSP
Year: Mar 2022
Metric: ROCE
Calculated: 22.5880
Source: 17.2000
Difference: 5.3880
Category: DATA_SOURCE_ISSUE
Explanation: Source financial inputs produce a materially different ratio-engine result. The specified formula is retained for analytics; the source ratio is retained for display/reference.
--------------------------------------------------------------------------------
Company: APOLLOHOSP
Year: Mar 2022
Metric: ROE
Calculated: 19.7048
Source: 13.8100
Difference: 5.8948
Category: DATA_SOURCE_ISSUE
Explanation: Source financial inputs produce a materially different ratio-engine result. The specified formula is retained for analytics; the source ratio is retained for display/reference.
--------------------------------------------------------------------------------
Company: ASIANPAINT
Year: Mar 2013
Metric: ROCE
Calculated: 47.7854
Source: 41.7500
Difference: 6.0354
Category: DATA_SOURCE_ISSUE
Explanation: Source financial inputs produce a materially different ratio-engine result. The specified formula is retained for analytics; the source ratio is retained for display/reference.
--------------------------------------------------------------------------------
Company: ASIANPAINT
Year: Mar 2017
Metric: ROCE
Calculated: 36.6732
Source: 41.7500
Difference: 5.0768
Category: DATA_SOURCE_ISSUE
Explanation: Source financial inputs produce a materially different ratio-engine result. The specified formula is retained for analytics; the source ratio is retained for display/reference.
--------------------------------------------------------------------------------
Company: ASIANPAINT
Year: Mar 2018
Metric: ROCE
Calculated: 35.8269
Source: 41.7500
Difference: 5.9231
Category: DATA_SOURCE_ISSUE
Explanation: Source financial inputs produce a materially different ratio-engine result. The specified formula is retained for analytics; the source ratio is retained for display/reference.
--------------------------------------------------------------------------------
Company: ASIANPAINT
Year: Mar 2018
Metric: ROE
Calculated: 24.9465
Source: 31.4500
Difference: 6.5035
Category: DATA_SOURCE_ISSUE
Explanation: Source financial inputs produce a materially different ratio-engine result. The specified formula is retained for analytics; the source ratio is retained for display/reference.
--------------------------------------------------------------------------------
Company: ASIANPAINT
Year: Mar 2019
Metric: ROCE
Calculated: 34.8902
Source: 41.7500
Difference: 6.8598
Category: DATA_SOURCE_ISSUE
Explanation: Source financial inputs produce a materially different ratio-engine result. The specified formula is retained for analytics; the source ratio is retained for display/reference.
--------------------------------------------------------------------------------
Company: ASIANPAINT
Year: Mar 2019
Metric: ROE
Calculated: 23.3133
Source: 31.4500
Difference: 8.1367
Category: DATA_SOURCE_ISSUE
Explanation: Source financial inputs produce a materially different ratio-engine result. The specified formula is retained for analytics; the source ratio is retained for display/reference.
--------------------------------------------------------------------------------
Company: ASIANPAINT
Year: Mar 2021
Metric: ROCE
Calculated: 34.9378
Source: 41.7500
Difference: 6.8122
Category: DATA_SOURCE_ISSUE
Explanation: Source financial inputs produce a materially different ratio-engine result. The specified formula is retained for analytics; the source ratio is retained for display/reference.
--------------------------------------------------------------------------------
Company: ASIANPAINT
Year: Mar 2021
Metric: ROE
Calculated: 25.0429
Source: 31.4500
Difference: 6.4071
Category: DATA_SOURCE_ISSUE
Explanation: Source financial inputs produce a materially different ratio-engine result. The specified formula is retained for analytics; the source ratio is retained for display/reference.
--------------------------------------------------------------------------------
Company: ASIANPAINT
Year: Mar 2022
Metric: ROCE
Calculated: 31.1968
Source: 41.7500
Difference: 10.5532
Category: DATA_SOURCE_ISSUE
Explanation: Source financial inputs produce a materially different ratio-engine result. The specified formula is retained for analytics; the source ratio is retained for display/reference.
--------------------------------------------------------------------------------
Company: ASIANPAINT
Year: Mar 2022
Metric: ROE
Calculated: 22.3357
Source: 31.4500
Difference: 9.1143
Category: DATA_SOURCE_ISSUE
Explanation: Source financial inputs produce a materially different ratio-engine result. The specified formula is retained for analytics; the source ratio is retained for display/reference.
--------------------------------------------------------------------------------
Company: ASIANPAINT
Year: Mar 2023
Metric: ROCE
Calculated: 34.9233
Source: 41.7500
Difference: 6.8267
Category: DATA_SOURCE_ISSUE
Explanation: Source financial inputs produce a materially different ratio-engine result. The specified formula is retained for analytics; the source ratio is retained for display/reference.
--------------------------------------------------------------------------------
Company: ASIANPAINT
Year: Mar 2023
Metric: ROE
Calculated: 26.2319
Source: 31.4500
Difference: 5.2181
Category: DATA_SOURCE_ISSUE
Explanation: Source financial inputs produce a materially different ratio-engine result. The specified formula is retained for analytics; the source ratio is retained for display/reference.
--------------------------------------------------------------------------------
Company: ASIANPAINT
Year: Mar 2024
Metric: ROCE
Calculated: 35.7749
Source: 41.7500
Difference: 5.9751
Category: DATA_SOURCE_ISSUE
Explanation: Source financial inputs produce a materially different ratio-engine result. The specified formula is retained for analytics; the source ratio is retained for display/reference.
--------------------------------------------------------------------------------
Company: ATGL
Year: Mar 2018
Metric: ROCE
Calculated: 15.5019
Source: 21.2000
Difference: 5.6981
Category: DATA_SOURCE_ISSUE
Explanation: Source financial inputs produce a materially different ratio-engine result. The specified formula is retained for analytics; the source ratio is retained for display/reference.
--------------------------------------------------------------------------------
Company: ATGL
Year: Mar 2019
Metric: ROCE
Calculated: 30.4144
Source: 21.2000
Difference: 9.2144
Category: DATA_SOURCE_ISSUE
Explanation: Source financial inputs produce a materially different ratio-engine result. The specified formula is retained for analytics; the source ratio is retained for display/reference.
--------------------------------------------------------------------------------
Company: ATGL
Year: Mar 2020
Metric: ROCE
Calculated: 31.3323
Source: 21.2000
Difference: 10.1323
Category: DATA_SOURCE_ISSUE
Explanation: Source financial inputs produce a materially different ratio-engine result. The specified formula is retained for analytics; the source ratio is retained for display/reference.
--------------------------------------------------------------------------------
Company: ATGL
Year: Mar 2020
Metric: ROE
Calculated: 29.6397
Source: 20.5000
Difference: 9.1397
Category: DATA_SOURCE_ISSUE
Explanation: Source financial inputs produce a materially different ratio-engine result. The specified formula is retained for analytics; the source ratio is retained for display/reference.
--------------------------------------------------------------------------------
Company: ATGL
Year: Mar 2021
Metric: ROCE
Calculated: 28.5830
Source: 21.2000
Difference: 7.3830
Category: DATA_SOURCE_ISSUE
Explanation: Source financial inputs produce a materially different ratio-engine result. The specified formula is retained for analytics; the source ratio is retained for display/reference.
--------------------------------------------------------------------------------
Company: BAJAJ-AUTO
Year: Mar 2013
Metric: ROCE
Calculated: 44.6889
Source: 33.5000
Difference: 11.1889
Category: DATA_SOURCE_ISSUE
Explanation: Source financial inputs produce a materially different ratio-engine result. The specified formula is retained for analytics; the source ratio is retained for display/reference.
--------------------------------------------------------------------------------
Company: BAJAJ-AUTO
Year: Mar 2013
Metric: ROE
Calculated: 38.8469
Source: 26.5000
Difference: 12.3469
Category: DATA_SOURCE_ISSUE
Explanation: Source financial inputs produce a materially different ratio-engine result. The specified formula is retained for analytics; the source ratio is retained for display/reference.
--------------------------------------------------------------------------------
Company: BAJAJ-AUTO
Year: Mar 2014
Metric: ROCE
Calculated: 40.7100
Source: 33.5000
Difference: 7.2100
Category: DATA_SOURCE_ISSUE
Explanation: Source financial inputs produce a materially different ratio-engine result. The specified formula is retained for analytics; the source ratio is retained for display/reference.
--------------------------------------------------------------------------------
Company: BAJAJ-AUTO
Year: Mar 2014
Metric: ROE
Calculated: 33.2448
Source: 26.5000
Difference: 6.7448
Category: DATA_SOURCE_ISSUE
Explanation: Source financial inputs produce a materially different ratio-engine result. The specified formula is retained for analytics; the source ratio is retained for display/reference.
--------------------------------------------------------------------------------
Company: BAJAJ-AUTO
Year: Mar 2017
Metric: ROCE
Calculated: 24.6384
Source: 33.5000
Difference: 8.8616
Category: DATA_SOURCE_ISSUE
Explanation: Source financial inputs produce a materially different ratio-engine result. The specified formula is retained for analytics; the source ratio is retained for display/reference.
--------------------------------------------------------------------------------
Company: BAJAJ-AUTO
Year: Mar 2018
Metric: ROCE
Calculated: 23.5861
Source: 33.5000
Difference: 9.9139
Category: DATA_SOURCE_ISSUE
Explanation: Source financial inputs produce a materially different ratio-engine result. The specified formula is retained for analytics; the source ratio is retained for display/reference.
--------------------------------------------------------------------------------
Company: BAJAJ-AUTO
Year: Mar 2018
Metric: ROE
Calculated: 20.6561
Source: 26.5000
Difference: 5.8439
Category: DATA_SOURCE_ISSUE
Explanation: Source financial inputs produce a materially different ratio-engine result. The specified formula is retained for analytics; the source ratio is retained for display/reference.
--------------------------------------------------------------------------------
Company: BAJAJ-AUTO
Year: Mar 2019
Metric: ROCE
Calculated: 22.2536
Source: 33.5000
Difference: 11.2464
Category: DATA_SOURCE_ISSUE
Explanation: Source financial inputs produce a materially different ratio-engine result. The specified formula is retained for analytics; the source ratio is retained for display/reference.
--------------------------------------------------------------------------------
Company: BAJAJ-AUTO
Year: Mar 2019
Metric: ROE
Calculated: 21.2112
Source: 26.5000
Difference: 5.2888
Category: DATA_SOURCE_ISSUE
Explanation: Source financial inputs produce a materially different ratio-engine result. The specified formula is retained for analytics; the source ratio is retained for display/reference.
--------------------------------------------------------------------------------
Company: BAJAJ-AUTO
Year: Mar 2020
Metric: ROCE
Calculated: 23.4487
Source: 33.5000
Difference: 10.0513
Category: DATA_SOURCE_ISSUE
Explanation: Source financial inputs produce a materially different ratio-engine result. The specified formula is retained for analytics; the source ratio is retained for display/reference.
--------------------------------------------------------------------------------
Company: BAJAJ-AUTO
Year: Mar 2021
Metric: ROCE
Calculated: 18.0258
Source: 33.5000
Difference: 15.4742
Category: DATA_SOURCE_ISSUE
Explanation: Source financial inputs produce a materially different ratio-engine result. The specified formula is retained for analytics; the source ratio is retained for display/reference.
--------------------------------------------------------------------------------
Company: BAJAJ-AUTO
Year: Mar 2021
Metric: ROE
Calculated: 17.8088
Source: 26.5000
Difference: 8.6912
Category: DATA_SOURCE_ISSUE
Explanation: Source financial inputs produce a materially different ratio-engine result. The specified formula is retained for analytics; the source ratio is retained for display/reference.
--------------------------------------------------------------------------------
Company: BAJAJ-AUTO
Year: Mar 2022
Metric: ROCE
Calculated: 17.5405
Source: 33.5000
Difference: 15.9595
Category: DATA_SOURCE_ISSUE
Explanation: Source financial inputs produce a materially different ratio-engine result. The specified formula is retained for analytics; the source ratio is retained for display/reference.
--------------------------------------------------------------------------------
Company: BAJAJ-AUTO
Year: Mar 2022
Metric: ROE
Calculated: 20.6504
Source: 26.5000
Difference: 5.8496
Category: DATA_SOURCE_ISSUE
Explanation: Source financial inputs produce a materially different ratio-engine result. The specified formula is retained for analytics; the source ratio is retained for display/reference.
--------------------------------------------------------------------------------
Company: BAJAJ-AUTO
Year: Mar 2023
Metric: ROCE
Calculated: 21.9257
Source: 33.5000
Difference: 11.5743
Category: DATA_SOURCE_ISSUE
Explanation: Source financial inputs produce a materially different ratio-engine result. The specified formula is retained for analytics; the source ratio is retained for display/reference.
--------------------------------------------------------------------------------
Company: BAJAJ-AUTO
Year: Mar 2023
Metric: ROE
Calculated: 20.6389
Source: 26.5000
Difference: 5.8611
Category: DATA_SOURCE_ISSUE
Explanation: Source financial inputs produce a materially different ratio-engine result. The specified formula is retained for analytics; the source ratio is retained for display/reference.
--------------------------------------------------------------------------------
Company: BAJAJ-AUTO
Year: Mar 2024
Metric: ROCE
Calculated: 28.3896
Source: 33.5000
Difference: 5.1104
Category: DATA_SOURCE_ISSUE
Explanation: Source financial inputs produce a materially different ratio-engine result. The specified formula is retained for analytics; the source ratio is retained for display/reference.
--------------------------------------------------------------------------------
Company: BAJAJ-AUTO
Year: Mar 2024
Metric: ROCE
Calculated: 24.1967
Source: 33.5000
Difference: 9.3033
Category: DATA_SOURCE_ISSUE
Explanation: Source financial inputs produce a materially different ratio-engine result. The specified formula is retained for analytics; the source ratio is retained for display/reference.
--------------------------------------------------------------------------------
Company: AXISBANK
Year: Mar 2017
Metric: ROE
Calculated: 6.5254
Source: 18.4000
Difference: 11.8746
Category: DATA_SOURCE_ISSUE
Explanation: Source financial inputs produce a materially different ratio-engine result. The specified formula is retained for analytics; the source ratio is retained for display/reference.
--------------------------------------------------------------------------------
Company: AXISBANK
Year: Mar 2018
Metric: ROE
Calculated: 0.4299
Source: 18.4000
Difference: 17.9701
Category: DATA_SOURCE_ISSUE
Explanation: Source financial inputs produce a materially different ratio-engine result. The specified formula is retained for analytics; the source ratio is retained for display/reference.
--------------------------------------------------------------------------------
Company: AXISBANK
Year: Mar 2019
Metric: ROE
Calculated: 6.8980
Source: 18.4000
Difference: 11.5020
Category: DATA_SOURCE_ISSUE
Explanation: Source financial inputs produce a materially different ratio-engine result. The specified formula is retained for analytics; the source ratio is retained for display/reference.
--------------------------------------------------------------------------------
Company: AXISBANK
Year: Mar 2020
Metric: ROE
Calculated: 1.8844
Source: 18.4000
Difference: 16.5156
Category: DATA_SOURCE_ISSUE
Explanation: Source financial inputs produce a materially different ratio-engine result. The specified formula is retained for analytics; the source ratio is retained for display/reference.
--------------------------------------------------------------------------------
Company: AXISBANK
Year: Mar 2021
Metric: ROE
Calculated: 6.3594
Source: 18.4000
Difference: 12.0406
Category: DATA_SOURCE_ISSUE
Explanation: Source financial inputs produce a materially different ratio-engine result. The specified formula is retained for analytics; the source ratio is retained for display/reference.
--------------------------------------------------------------------------------
Company: AXISBANK
Year: Mar 2022
Metric: ROE
Calculated: 11.0138
Source: 18.4000
Difference: 7.3862
Category: DATA_SOURCE_ISSUE
Explanation: Source financial inputs produce a materially different ratio-engine result. The specified formula is retained for analytics; the source ratio is retained for display/reference.
--------------------------------------------------------------------------------
Company: AXISBANK
Year: Mar 2023
Metric: ROE
Calculated: 7.3817
Source: 18.4000
Difference: 11.0183
Category: DATA_SOURCE_ISSUE
Explanation: Source financial inputs produce a materially different ratio-engine result. The specified formula is retained for analytics; the source ratio is retained for display/reference.
--------------------------------------------------------------------------------
Company: BAJAJFINSV
Year: Mar 2013
Metric: ROE
Calculated: 28.3773
Source: 11.7200
Difference: 16.6573
Category: DATA_SOURCE_ISSUE
Explanation: Source financial inputs produce a materially different ratio-engine result. The specified formula is retained for analytics; the source ratio is retained for display/reference.
--------------------------------------------------------------------------------
Company: BAJAJFINSV
Year: Mar 2014
Metric: ROCE
Calculated: 15.5835
Source: 21.1400
Difference: 5.5565
Category: DATA_SOURCE_ISSUE
Explanation: Source financial inputs produce a materially different ratio-engine result. The specified formula is retained for analytics; the source ratio is retained for display/reference.
--------------------------------------------------------------------------------
Company: BAJAJFINSV
Year: Mar 2014
Metric: ROE
Calculated: 23.5288
Source: 11.7200
Difference: 11.8088
Category: DATA_SOURCE_ISSUE
Explanation: Source financial inputs produce a materially different ratio-engine result. The specified formula is retained for analytics; the source ratio is retained for display/reference.
--------------------------------------------------------------------------------
Company: BAJAJFINSV
Year: Mar 2015
Metric: ROCE
Calculated: 14.7349
Source: 21.1400
Difference: 6.4051
Category: DATA_SOURCE_ISSUE
Explanation: Source financial inputs produce a materially different ratio-engine result. The specified formula is retained for analytics; the source ratio is retained for display/reference.
--------------------------------------------------------------------------------
Company: BAJAJFINSV
Year: Mar 2015
Metric: ROE
Calculated: 21.7242
Source: 11.7200
Difference: 10.0042
Category: DATA_SOURCE_ISSUE
Explanation: Source financial inputs produce a materially different ratio-engine result. The specified formula is retained for analytics; the source ratio is retained for display/reference.
--------------------------------------------------------------------------------
Company: BAJAJFINSV
Year: Mar 2016
Metric: ROCE
Calculated: 13.5700
Source: 21.1400
Difference: 7.5700
Category: DATA_SOURCE_ISSUE
Explanation: Source financial inputs produce a materially different ratio-engine result. The specified formula is retained for analytics; the source ratio is retained for display/reference.
--------------------------------------------------------------------------------
Company: BAJAJFINSV
Year: Mar 2016
Metric: ROE
Calculated: 20.4059
Source: 11.7200
Difference: 8.6859
Category: DATA_SOURCE_ISSUE
Explanation: Source financial inputs produce a materially different ratio-engine result. The specified formula is retained for analytics; the source ratio is retained for display/reference.
--------------------------------------------------------------------------------
Company: BAJAJFINSV
Year: Mar 2017
Metric: ROCE
Calculated: 13.5226
Source: 21.1400
Difference: 7.6174
Category: DATA_SOURCE_ISSUE
Explanation: Source financial inputs produce a materially different ratio-engine result. The specified formula is retained for analytics; the source ratio is retained for display/reference.
--------------------------------------------------------------------------------
Company: BAJAJFINSV
Year: Mar 2017
Metric: ROE
Calculated: 21.3609
Source: 11.7200
Difference: 9.6409
Category: DATA_SOURCE_ISSUE
Explanation: Source financial inputs produce a materially different ratio-engine result. The specified formula is retained for analytics; the source ratio is retained for display/reference.
--------------------------------------------------------------------------------
Company: BAJAJFINSV
Year: Mar 2018
Metric: ROCE
Calculated: 12.5183
Source: 21.1400
Difference: 8.6217
Category: DATA_SOURCE_ISSUE
Explanation: Source financial inputs produce a materially different ratio-engine result. The specified formula is retained for analytics; the source ratio is retained for display/reference.
--------------------------------------------------------------------------------
Company: BAJAJFINSV
Year: Mar 2018
Metric: ROE
Calculated: 20.3876
Source: 11.7200
Difference: 8.6676
Category: DATA_SOURCE_ISSUE
Explanation: Source financial inputs produce a materially different ratio-engine result. The specified formula is retained for analytics; the source ratio is retained for display/reference.
--------------------------------------------------------------------------------
Company: BAJAJFINSV
Year: Mar 2019
Metric: ROCE
Calculated: 12.1763
Source: 21.1400
Difference: 8.9637
Category: DATA_SOURCE_ISSUE
Explanation: Source financial inputs produce a materially different ratio-engine result. The specified formula is retained for analytics; the source ratio is retained for display/reference.
--------------------------------------------------------------------------------
Company: BAJAJFINSV
Year: Mar 2019
Metric: ROE
Calculated: 22.6369
Source: 11.7200
Difference: 10.9169
Category: DATA_SOURCE_ISSUE
Explanation: Source financial inputs produce a materially different ratio-engine result. The specified formula is retained for analytics; the source ratio is retained for display/reference.
--------------------------------------------------------------------------------
Company: BAJAJFINSV
Year: Mar 2020
Metric: ROCE
Calculated: 11.5182
Source: 21.1400
Difference: 9.6218
Category: DATA_SOURCE_ISSUE
Explanation: Source financial inputs produce a materially different ratio-engine result. The specified formula is retained for analytics; the source ratio is retained for display/reference.
--------------------------------------------------------------------------------
Company: BAJAJFINSV
Year: Mar 2020
Metric: ROE
Calculated: 19.1489
Source: 11.7200
Difference: 7.4289
Category: DATA_SOURCE_ISSUE
Explanation: Source financial inputs produce a materially different ratio-engine result. The specified formula is retained for analytics; the source ratio is retained for display/reference.
--------------------------------------------------------------------------------
Company: BAJAJFINSV
Year: Mar 2021
Metric: ROCE
Calculated: 11.9550
Source: 21.1400
Difference: 9.1850
Category: DATA_SOURCE_ISSUE
Explanation: Source financial inputs produce a materially different ratio-engine result. The specified formula is retained for analytics; the source ratio is retained for display/reference.
--------------------------------------------------------------------------------
Company: BAJAJFINSV
Year: Mar 2021
Metric: ROE
Calculated: 20.5610
Source: 11.7200
Difference: 8.8410
Category: DATA_SOURCE_ISSUE
Explanation: Source financial inputs produce a materially different ratio-engine result. The specified formula is retained for analytics; the source ratio is retained for display/reference.
--------------------------------------------------------------------------------
Company: BAJAJFINSV
Year: Mar 2022
Metric: ROCE
Calculated: 10.6516
Source: 21.1400
Difference: 10.4884
Category: DATA_SOURCE_ISSUE
Explanation: Source financial inputs produce a materially different ratio-engine result. The specified formula is retained for analytics; the source ratio is retained for display/reference.
--------------------------------------------------------------------------------
Company: BAJAJFINSV
Year: Mar 2022
Metric: ROE
Calculated: 20.6574
Source: 11.7200
Difference: 8.9374
Category: DATA_SOURCE_ISSUE
Explanation: Source financial inputs produce a materially different ratio-engine result. The specified formula is retained for analytics; the source ratio is retained for display/reference.
--------------------------------------------------------------------------------
Company: BAJAJFINSV
Year: Mar 2023
Metric: ROCE
Calculated: 11.5467
Source: 21.1400
Difference: 9.5933
Category: DATA_SOURCE_ISSUE
Explanation: Source financial inputs produce a materially different ratio-engine result. The specified formula is retained for analytics; the source ratio is retained for display/reference.
--------------------------------------------------------------------------------
Company: BAJAJFINSV
Year: Mar 2023
Metric: ROE
Calculated: 26.3107
Source: 11.7200
Difference: 14.5907
Category: DATA_SOURCE_ISSUE
Explanation: Source financial inputs produce a materially different ratio-engine result. The specified formula is retained for analytics; the source ratio is retained for display/reference.
--------------------------------------------------------------------------------
Company: BAJAJFINSV
Year: Mar 2024
Metric: ROCE
Calculated: 11.7064
Source: 21.1400
Difference: 9.4336
Category: DATA_SOURCE_ISSUE
Explanation: Source financial inputs produce a materially different ratio-engine result. The specified formula is retained for analytics; the source ratio is retained for display/reference.
--------------------------------------------------------------------------------
Company: BAJAJFINSV
Year: Mar 2024
Metric: ROE
Calculated: 25.8504
Source: 11.7200
Difference: 14.1304
Category: DATA_SOURCE_ISSUE
Explanation: Source financial inputs produce a materially different ratio-engine result. The specified formula is retained for analytics; the source ratio is retained for display/reference.
--------------------------------------------------------------------------------
Company: BAJAJFINSV
Year: Mar 2024
Metric: ROCE
Calculated: 10.5649
Source: 21.1400
Difference: 10.5751
Category: DATA_SOURCE_ISSUE
Explanation: Source financial inputs produce a materially different ratio-engine result. The specified formula is retained for analytics; the source ratio is retained for display/reference.
--------------------------------------------------------------------------------
Company: BAJAJFINSV
Year: Mar 2024
Metric: ROE
Calculated: 22.8247
Source: 11.7200
Difference: 11.1047
Category: DATA_SOURCE_ISSUE
Explanation: Source financial inputs produce a materially different ratio-engine result. The specified formula is retained for analytics; the source ratio is retained for display/reference.
--------------------------------------------------------------------------------
Company: BAJAJHLDNG
Year: Mar 2013
Metric: ROCE
Calculated: 3.1126
Source: 13.1000
Difference: 9.9874
Category: DATA_SOURCE_ISSUE
Explanation: Source financial inputs produce a materially different ratio-engine result. The specified formula is retained for analytics; the source ratio is retained for display/reference.
--------------------------------------------------------------------------------
Company: BAJAJHLDNG
Year: Mar 2014
Metric: ROCE
Calculated: 3.3336
Source: 13.1000
Difference: 9.7664
Category: DATA_SOURCE_ISSUE
Explanation: Source financial inputs produce a materially different ratio-engine result. The specified formula is retained for analytics; the source ratio is retained for display/reference.
--------------------------------------------------------------------------------
Company: BAJAJHLDNG
Year: Mar 2015
Metric: ROCE
Calculated: 3.6138
Source: 13.1000
Difference: 9.4862
Category: DATA_SOURCE_ISSUE
Explanation: Source financial inputs produce a materially different ratio-engine result. The specified formula is retained for analytics; the source ratio is retained for display/reference.
--------------------------------------------------------------------------------
Company: BAJAJHLDNG
Year: Mar 2016
Metric: ROCE
Calculated: 2.8052
Source: 13.1000
Difference: 10.2948
Category: DATA_SOURCE_ISSUE
Explanation: Source financial inputs produce a materially different ratio-engine result. The specified formula is retained for analytics; the source ratio is retained for display/reference.
--------------------------------------------------------------------------------
Company: BAJAJHLDNG
Year: Mar 2017
Metric: ROCE
Calculated: 3.5245
Source: 13.1000
Difference: 9.5755
Category: DATA_SOURCE_ISSUE
Explanation: Source financial inputs produce a materially different ratio-engine result. The specified formula is retained for analytics; the source ratio is retained for display/reference.
--------------------------------------------------------------------------------
Company: BAJAJHLDNG
Year: Mar 2018
Metric: ROCE
Calculated: 1.4087
Source: 13.1000
Difference: 11.6913
Category: DATA_SOURCE_ISSUE
Explanation: Source financial inputs produce a materially different ratio-engine result. The specified formula is retained for analytics; the source ratio is retained for display/reference.
--------------------------------------------------------------------------------
Company: BAJAJHLDNG
Year: Mar 2019
Metric: ROCE
Calculated: 1.2875
Source: 13.1000
Difference: 11.8125
Category: DATA_SOURCE_ISSUE
Explanation: Source financial inputs produce a materially different ratio-engine result. The specified formula is retained for analytics; the source ratio is retained for display/reference.
--------------------------------------------------------------------------------
Company: BAJAJHLDNG
Year: Mar 2020
Metric: ROCE
Calculated: 1.0777
Source: 13.1000
Difference: 12.0223
Category: DATA_SOURCE_ISSUE
Explanation: Source financial inputs produce a materially different ratio-engine result. The specified formula is retained for analytics; the source ratio is retained for display/reference.
--------------------------------------------------------------------------------
Company: BAJAJHLDNG
Year: Mar 2021
Metric: ROCE
Calculated: 0.9436
Source: 13.1000
Difference: 12.1564
Category: DATA_SOURCE_ISSUE
Explanation: Source financial inputs produce a materially different ratio-engine result. The specified formula is retained for analytics; the source ratio is retained for display/reference.
--------------------------------------------------------------------------------
Company: BAJAJHLDNG
Year: Mar 2022
Metric: ROCE
Calculated: 0.8544
Source: 13.1000
Difference: 12.2456
Category: DATA_SOURCE_ISSUE
Explanation: Source financial inputs produce a materially different ratio-engine result. The specified formula is retained for analytics; the source ratio is retained for display/reference.
--------------------------------------------------------------------------------
Company: BAJAJHLDNG
Year: Mar 2022
Metric: ROE
Calculated: 9.6307
Source: 14.8000
Difference: 5.1693
Category: DATA_SOURCE_ISSUE
Explanation: Source financial inputs produce a materially different ratio-engine result. The specified formula is retained for analytics; the source ratio is retained for display/reference.
--------------------------------------------------------------------------------
Company: BAJAJHLDNG
Year: Mar 2023
Metric: ROCE
Calculated: 0.8583
Source: 13.1000
Difference: 12.2417
Category: DATA_SOURCE_ISSUE
Explanation: Source financial inputs produce a materially different ratio-engine result. The specified formula is retained for analytics; the source ratio is retained for display/reference.
--------------------------------------------------------------------------------
Company: BAJAJHLDNG
Year: Mar 2024
Metric: ROCE
Calculated: 2.8761
Source: 13.1000
Difference: 10.2239
Category: DATA_SOURCE_ISSUE
Explanation: Source financial inputs produce a materially different ratio-engine result. The specified formula is retained for analytics; the source ratio is retained for display/reference.
--------------------------------------------------------------------------------
Company: BAJAJHLDNG
Year: Mar 2024
Metric: ROCE
Calculated: 2.6090
Source: 13.1000
Difference: 10.4910
Category: DATA_SOURCE_ISSUE
Explanation: Source financial inputs produce a materially different ratio-engine result. The specified formula is retained for analytics; the source ratio is retained for display/reference.
--------------------------------------------------------------------------------
Company: BAJFINANCE
Year: Mar 2015
Metric: ROCE
Calculated: 5.5699
Source: 11.9000
Difference: 6.3301
Category: DATA_SOURCE_ISSUE
Explanation: Source financial inputs produce a materially different ratio-engine result. The specified formula is retained for analytics; the source ratio is retained for display/reference.
--------------------------------------------------------------------------------
Company: BAJFINANCE
Year: Mar 2016
Metric: ROCE
Calculated: 5.2956
Source: 11.9000
Difference: 6.6044
Category: DATA_SOURCE_ISSUE
Explanation: Source financial inputs produce a materially different ratio-engine result. The specified formula is retained for analytics; the source ratio is retained for display/reference.
--------------------------------------------------------------------------------
Company: BAJFINANCE
Year: Mar 2017
Metric: ROCE
Calculated: 5.5225
Source: 11.9000
Difference: 6.3775
Category: DATA_SOURCE_ISSUE
Explanation: Source financial inputs produce a materially different ratio-engine result. The specified formula is retained for analytics; the source ratio is retained for display/reference.
--------------------------------------------------------------------------------
Company: BAJFINANCE
Year: Mar 2018
Metric: ROCE
Calculated: 4.9936
Source: 11.9000
Difference: 6.9064
Category: DATA_SOURCE_ISSUE
Explanation: Source financial inputs produce a materially different ratio-engine result. The specified formula is retained for analytics; the source ratio is retained for display/reference.
--------------------------------------------------------------------------------
Company: BAJFINANCE
Year: Mar 2018
Metric: ROE
Calculated: 15.7496
Source: 22.1000
Difference: 6.3504
Category: DATA_SOURCE_ISSUE
Explanation: Source financial inputs produce a materially different ratio-engine result. The specified formula is retained for analytics; the source ratio is retained for display/reference.
--------------------------------------------------------------------------------
Company: BAJFINANCE
Year: Mar 2019
Metric: ROCE
Calculated: 4.4968
Source: 11.9000
Difference: 7.4032
Category: DATA_SOURCE_ISSUE
Explanation: Source financial inputs produce a materially different ratio-engine result. The specified formula is retained for analytics; the source ratio is retained for display/reference.
--------------------------------------------------------------------------------
Company: BAJFINANCE
Year: Mar 2020
Metric: ROCE
Calculated: 5.6490
Source: 11.9000
Difference: 6.2510
Category: DATA_SOURCE_ISSUE
Explanation: Source financial inputs produce a materially different ratio-engine result. The specified formula is retained for analytics; the source ratio is retained for display/reference.
--------------------------------------------------------------------------------
Company: BAJFINANCE
Year: Mar 2020
Metric: ROE
Calculated: 16.2831
Source: 22.1000
Difference: 5.8169
Category: DATA_SOURCE_ISSUE
Explanation: Source financial inputs produce a materially different ratio-engine result. The specified formula is retained for analytics; the source ratio is retained for display/reference.
--------------------------------------------------------------------------------
Company: BAJFINANCE
Year: Mar 2021
Metric: ROCE
Calculated: 6.4307
Source: 11.9000
Difference: 5.4693
Category: DATA_SOURCE_ISSUE
Explanation: Source financial inputs produce a materially different ratio-engine result. The specified formula is retained for analytics; the source ratio is retained for display/reference.
--------------------------------------------------------------------------------
Company: BAJFINANCE
Year: Mar 2021
Metric: ROE
Calculated: 11.9725
Source: 22.1000
Difference: 10.1275
Category: DATA_SOURCE_ISSUE
Explanation: Source financial inputs produce a materially different ratio-engine result. The specified formula is retained for analytics; the source ratio is retained for display/reference.
--------------------------------------------------------------------------------
Company: BAJFINANCE
Year: Mar 2022
Metric: ROCE
Calculated: 5.6857
Source: 11.9000
Difference: 6.2143
Category: DATA_SOURCE_ISSUE
Explanation: Source financial inputs produce a materially different ratio-engine result. The specified formula is retained for analytics; the source ratio is retained for display/reference.
--------------------------------------------------------------------------------
Company: BAJFINANCE
Year: Mar 2022
Metric: ROE
Calculated: 16.0776
Source: 22.1000
Difference: 6.0224
Category: DATA_SOURCE_ISSUE
Explanation: Source financial inputs produce a materially different ratio-engine result. The specified formula is retained for analytics; the source ratio is retained for display/reference.
--------------------------------------------------------------------------------
Company: BAJFINANCE
Year: Mar 2023
Metric: ROCE
Calculated: 4.6827
Source: 11.9000
Difference: 7.2173
Category: DATA_SOURCE_ISSUE
Explanation: Source financial inputs produce a materially different ratio-engine result. The specified formula is retained for analytics; the source ratio is retained for display/reference.
--------------------------------------------------------------------------------
Company: BAJFINANCE
Year: Mar 2024
Metric: ROCE
Calculated: 4.3506
Source: 11.9000
Difference: 7.5494
Category: DATA_SOURCE_ISSUE
Explanation: Source financial inputs produce a materially different ratio-engine result. The specified formula is retained for analytics; the source ratio is retained for display/reference.
--------------------------------------------------------------------------------
Company: BAJFINANCE
Year: Mar 2024
Metric: ROCE
Calculated: 3.9168
Source: 11.9000
Difference: 7.9832
Category: DATA_SOURCE_ISSUE
Explanation: Source financial inputs produce a materially different ratio-engine result. The specified formula is retained for analytics; the source ratio is retained for display/reference.
--------------------------------------------------------------------------------
Company: BAJFINANCE
Year: Mar 2024
Metric: ROE
Calculated: 16.6480
Source: 22.1000
Difference: 5.4520
Category: DATA_SOURCE_ISSUE
Explanation: Source financial inputs produce a materially different ratio-engine result. The specified formula is retained for analytics; the source ratio is retained for display/reference.
--------------------------------------------------------------------------------
Company: BANKBARODA
Year: Mar 2015
Metric: ROE
Calculated: 9.4007
Source: 16.7000
Difference: 7.2993
Category: DATA_SOURCE_ISSUE
Explanation: Source financial inputs produce a materially different ratio-engine result. The specified formula is retained for analytics; the source ratio is retained for display/reference.
--------------------------------------------------------------------------------
Company: BANKBARODA
Year: Mar 2016
Metric: ROE
Calculated: -11.8415
Source: 16.7000
Difference: 28.5415
Category: DATA_SOURCE_ISSUE
Explanation: Source financial inputs produce a materially different ratio-engine result. The specified formula is retained for analytics; the source ratio is retained for display/reference.
--------------------------------------------------------------------------------
Company: BANKBARODA
Year: Mar 2017
Metric: ROE
Calculated: 4.3072
Source: 16.7000
Difference: 12.3928
Category: DATA_SOURCE_ISSUE
Explanation: Source financial inputs produce a materially different ratio-engine result. The specified formula is retained for analytics; the source ratio is retained for display/reference.
--------------------------------------------------------------------------------
Company: BANKBARODA
Year: Mar 2018
Metric: ROE
Calculated: -3.9428
Source: 16.7000
Difference: 20.6428
Category: DATA_SOURCE_ISSUE
Explanation: Source financial inputs produce a materially different ratio-engine result. The specified formula is retained for analytics; the source ratio is retained for display/reference.
--------------------------------------------------------------------------------
Company: BANKBARODA
Year: Mar 2019
Metric: ROE
Calculated: 2.1202
Source: 16.7000
Difference: 14.5798
Category: DATA_SOURCE_ISSUE
Explanation: Source financial inputs produce a materially different ratio-engine result. The specified formula is retained for analytics; the source ratio is retained for display/reference.
--------------------------------------------------------------------------------
Company: BANKBARODA
Year: Mar 2020
Metric: ROE
Calculated: 1.2890
Source: 16.7000
Difference: 15.4110
Category: DATA_SOURCE_ISSUE
Explanation: Source financial inputs produce a materially different ratio-engine result. The specified formula is retained for analytics; the source ratio is retained for display/reference.
--------------------------------------------------------------------------------
Company: BANKBARODA
Year: Mar 2021
Metric: ROE
Calculated: 1.9663
Source: 16.7000
Difference: 14.7337
Category: DATA_SOURCE_ISSUE
Explanation: Source financial inputs produce a materially different ratio-engine result. The specified formula is retained for analytics; the source ratio is retained for display/reference.
--------------------------------------------------------------------------------
Company: BANKBARODA
Year: Mar 2022
Metric: ROE
Calculated: 8.6351
Source: 16.7000
Difference: 8.0649
Category: DATA_SOURCE_ISSUE
Explanation: Source financial inputs produce a materially different ratio-engine result. The specified formula is retained for analytics; the source ratio is retained for display/reference.
--------------------------------------------------------------------------------
Company: BHARTIARTL
Year: Mar 2013
Metric: ROCE
Calculated: 19.6142
Source: 13.1000
Difference: 6.5142
Category: DATA_SOURCE_ISSUE
Explanation: Source financial inputs produce a materially different ratio-engine result. The specified formula is retained for analytics; the source ratio is retained for display/reference.
--------------------------------------------------------------------------------
Company: BHARTIARTL
Year: Mar 2013
Metric: ROE
Calculated: 4.5050
Source: 14.9000
Difference: 10.3950
Category: DATA_SOURCE_ISSUE
Explanation: Source financial inputs produce a materially different ratio-engine result. The specified formula is retained for analytics; the source ratio is retained for display/reference.
--------------------------------------------------------------------------------
Company: BHARTIARTL
Year: Mar 2014
Metric: ROCE
Calculated: 19.5441
Source: 13.1000
Difference: 6.4441
Category: DATA_SOURCE_ISSUE
Explanation: Source financial inputs produce a materially different ratio-engine result. The specified formula is retained for analytics; the source ratio is retained for display/reference.
--------------------------------------------------------------------------------
Company: BHARTIARTL
Year: Mar 2014
Metric: ROE
Calculated: 5.0522
Source: 14.9000
Difference: 9.8478
Category: DATA_SOURCE_ISSUE
Explanation: Source financial inputs produce a materially different ratio-engine result. The specified formula is retained for analytics; the source ratio is retained for display/reference.
--------------------------------------------------------------------------------
Company: BHARTIARTL
Year: Mar 2015
Metric: ROCE
Calculated: 27.2761
Source: 13.1000
Difference: 14.1761
Category: DATA_SOURCE_ISSUE
Explanation: Source financial inputs produce a materially different ratio-engine result. The specified formula is retained for analytics; the source ratio is retained for display/reference.
--------------------------------------------------------------------------------
Company: BHARTIARTL
Year: Mar 2016
Metric: ROCE
Calculated: 20.2991
Source: 13.1000
Difference: 7.1991
Category: DATA_SOURCE_ISSUE
Explanation: Source financial inputs produce a materially different ratio-engine result. The specified formula is retained for analytics; the source ratio is retained for display/reference.
--------------------------------------------------------------------------------
Company: BHARTIARTL
Year: Mar 2017
Metric: ROCE
Calculated: 20.2180
Source: 13.1000
Difference: 7.1180
Category: DATA_SOURCE_ISSUE
Explanation: Source financial inputs produce a materially different ratio-engine result. The specified formula is retained for analytics; the source ratio is retained for display/reference.
--------------------------------------------------------------------------------
Company: BHARTIARTL
Year: Mar 2017
Metric: ROE
Calculated: 6.2870
Source: 14.9000
Difference: 8.6130
Category: DATA_SOURCE_ISSUE
Explanation: Source financial inputs produce a materially different ratio-engine result. The specified formula is retained for analytics; the source ratio is retained for display/reference.
--------------------------------------------------------------------------------
Company: BHARTIARTL
Year: Mar 2018
Metric: ROE
Calculated: 3.1409
Source: 14.9000
Difference: 11.7591
Category: DATA_SOURCE_ISSUE
Explanation: Source financial inputs produce a materially different ratio-engine result. The specified formula is retained for analytics; the source ratio is retained for display/reference.
--------------------------------------------------------------------------------
Company: BHARTIARTL
Year: Mar 2019
Metric: ROE
Calculated: 2.3634
Source: 14.9000
Difference: 12.5366
Category: DATA_SOURCE_ISSUE
Explanation: Source financial inputs produce a materially different ratio-engine result. The specified formula is retained for analytics; the source ratio is retained for display/reference.
--------------------------------------------------------------------------------
Company: BHARTIARTL
Year: Mar 2020
Metric: ROE
Calculated: -39.7485
Source: 14.9000
Difference: 54.6485
Category: DATA_SOURCE_ISSUE
Explanation: Source financial inputs produce a materially different ratio-engine result. The specified formula is retained for analytics; the source ratio is retained for display/reference.
--------------------------------------------------------------------------------
Company: BHARTIARTL
Year: Mar 2021
Metric: ROCE
Calculated: 20.4200
Source: 13.1000
Difference: 7.3200
Category: DATA_SOURCE_ISSUE
Explanation: Source financial inputs produce a materially different ratio-engine result. The specified formula is retained for analytics; the source ratio is retained for display/reference.
--------------------------------------------------------------------------------
Company: BHARTIARTL
Year: Mar 2021
Metric: ROE
Calculated: -20.9726
Source: 14.9000
Difference: 35.8726
Category: DATA_SOURCE_ISSUE
Explanation: Source financial inputs produce a materially different ratio-engine result. The specified formula is retained for analytics; the source ratio is retained for display/reference.
--------------------------------------------------------------------------------
Company: BHARTIARTL
Year: Mar 2022
Metric: ROCE
Calculated: 24.3549
Source: 13.1000
Difference: 11.2549
Category: DATA_SOURCE_ISSUE
Explanation: Source financial inputs produce a materially different ratio-engine result. The specified formula is retained for analytics; the source ratio is retained for display/reference.
--------------------------------------------------------------------------------
Company: BHARTIARTL
Year: Mar 2023
Metric: ROCE
Calculated: 23.4776
Source: 13.1000
Difference: 10.3776
Category: DATA_SOURCE_ISSUE
Explanation: Source financial inputs produce a materially different ratio-engine result. The specified formula is retained for analytics; the source ratio is retained for display/reference.
--------------------------------------------------------------------------------
Company: BHARTIARTL
Year: Mar 2024
Metric: ROCE
Calculated: 26.2539
Source: 13.1000
Difference: 13.1539
Category: DATA_SOURCE_ISSUE
Explanation: Source financial inputs produce a materially different ratio-engine result. The specified formula is retained for analytics; the source ratio is retained for display/reference.
--------------------------------------------------------------------------------
Company: BHARTIARTL
Year: Mar 2024
Metric: ROCE
Calculated: 25.0423
Source: 13.1000
Difference: 11.9423
Category: DATA_SOURCE_ISSUE
Explanation: Source financial inputs produce a materially different ratio-engine result. The specified formula is retained for analytics; the source ratio is retained for display/reference.
--------------------------------------------------------------------------------
Company: BHARTIARTL
Year: Mar 2024
Metric: ROE
Calculated: 9.8257
Source: 14.9000
Difference: 5.0743
Category: DATA_SOURCE_ISSUE
Explanation: Source financial inputs produce a materially different ratio-engine result. The specified formula is retained for analytics; the source ratio is retained for display/reference.
--------------------------------------------------------------------------------
Company: BEL
Year: Mar 2013
Metric: ROCE
Calculated: 2230.0000
Source: 34.6000
Difference: 2195.4000
Category: DATA_SOURCE_ISSUE
Explanation: Source financial inputs produce a materially different ratio-engine result. The specified formula is retained for analytics; the source ratio is retained for display/reference.
--------------------------------------------------------------------------------
Company: BEL
Year: Mar 2013
Metric: ROE
Calculated: 15183.3333
Source: 26.3000
Difference: 15157.0333
Category: DATA_SOURCE_ISSUE
Explanation: Source financial inputs produce a materially different ratio-engine result. The specified formula is retained for analytics; the source ratio is retained for display/reference.
--------------------------------------------------------------------------------
Company: BEL
Year: Mar 2014
Metric: ROCE
Calculated: 3303.5714
Source: 34.6000
Difference: 3268.9714
Category: DATA_SOURCE_ISSUE
Explanation: Source financial inputs produce a materially different ratio-engine result. The specified formula is retained for analytics; the source ratio is retained for display/reference.
--------------------------------------------------------------------------------
Company: BEL
Year: Mar 2014
Metric: ROE
Calculated: 13600.0000
Source: 26.3000
Difference: 13573.7000
Category: DATA_SOURCE_ISSUE
Explanation: Source financial inputs produce a materially different ratio-engine result. The specified formula is retained for analytics; the source ratio is retained for display/reference.
--------------------------------------------------------------------------------
Company: BEL
Year: Mar 2015
Metric: ROCE
Calculated: 3572.7273
Source: 34.6000
Difference: 3538.1273
Category: DATA_SOURCE_ISSUE
Explanation: Source financial inputs produce a materially different ratio-engine result. The specified formula is retained for analytics; the source ratio is retained for display/reference.
--------------------------------------------------------------------------------
Company: BEL
Year: Mar 2015
Metric: ROE
Calculated: 17100.0000
Source: 26.3000
Difference: 17073.7000
Category: DATA_SOURCE_ISSUE
Explanation: Source financial inputs produce a materially different ratio-engine result. The specified formula is retained for analytics; the source ratio is retained for display/reference.
--------------------------------------------------------------------------------
Company: BEL
Year: Mar 2016
Metric: ROCE
Calculated: 3764.8649
Source: 34.6000
Difference: 3730.2649
Category: DATA_SOURCE_ISSUE
Explanation: Source financial inputs produce a materially different ratio-engine result. The specified formula is retained for analytics; the source ratio is retained for display/reference.
--------------------------------------------------------------------------------
Company: BEL
Year: Mar 2016
Metric: ROE
Calculated: 11141.6667
Source: 26.3000
Difference: 11115.3667
Category: DATA_SOURCE_ISSUE
Explanation: Source financial inputs produce a materially different ratio-engine result. The specified formula is retained for analytics; the source ratio is retained for display/reference.
--------------------------------------------------------------------------------
Company: BEL
Year: Mar 2017
Metric: ROCE
Calculated: 4072.7273
Source: 34.6000
Difference: 4038.1273
Category: DATA_SOURCE_ISSUE
Explanation: Source financial inputs produce a materially different ratio-engine result. The specified formula is retained for analytics; the source ratio is retained for display/reference.
--------------------------------------------------------------------------------
Company: BEL
Year: Mar 2017
Metric: ROE
Calculated: 10153.3333
Source: 26.3000
Difference: 10127.0333
Category: DATA_SOURCE_ISSUE
Explanation: Source financial inputs produce a materially different ratio-engine result. The specified formula is retained for analytics; the source ratio is retained for display/reference.
--------------------------------------------------------------------------------
Company: BEL
Year: Mar 2018
Metric: ROCE
Calculated: 2581.0127
Source: 34.6000
Difference: 2546.4127
Category: DATA_SOURCE_ISSUE
Explanation: Source financial inputs produce a materially different ratio-engine result. The specified formula is retained for analytics; the source ratio is retained for display/reference.
--------------------------------------------------------------------------------
Company: BEL
Year: Mar 2018
Metric: ROE
Calculated: 4616.1290
Source: 26.3000
Difference: 4589.8290
Category: DATA_SOURCE_ISSUE
Explanation: Source financial inputs produce a materially different ratio-engine result. The specified formula is retained for analytics; the source ratio is retained for display/reference.
--------------------------------------------------------------------------------
Company: BEL
Year: Mar 2019
Metric: ROCE
Calculated: 3030.2083
Source: 34.6000
Difference: 2995.6083
Category: DATA_SOURCE_ISSUE
Explanation: Source financial inputs produce a materially different ratio-engine result. The specified formula is retained for analytics; the source ratio is retained for display/reference.
--------------------------------------------------------------------------------
Company: BEL
Year: Mar 2019
Metric: ROE
Calculated: 3851.0204
Source: 26.3000
Difference: 3824.7204
Category: DATA_SOURCE_ISSUE
Explanation: Source financial inputs produce a materially different ratio-engine result. The specified formula is retained for analytics; the source ratio is retained for display/reference.
--------------------------------------------------------------------------------
Company: BEL
Year: Mar 2020
Metric: ROCE
Calculated: 2786.8687
Source: 34.6000
Difference: 2752.2687
Category: DATA_SOURCE_ISSUE
Explanation: Source financial inputs produce a materially different ratio-engine result. The specified formula is retained for analytics; the source ratio is retained for display/reference.
--------------------------------------------------------------------------------
Company: BEL
Year: Mar 2020
Metric: ROE
Calculated: 3318.1818
Source: 26.3000
Difference: 3291.8818
Category: DATA_SOURCE_ISSUE
Explanation: Source financial inputs produce a materially different ratio-engine result. The specified formula is retained for analytics; the source ratio is retained for display/reference.
--------------------------------------------------------------------------------
Company: BEL
Year: Mar 2021
Metric: ROCE
Calculated: 2975.9259
Source: 34.6000
Difference: 2941.3259
Category: DATA_SOURCE_ISSUE
Explanation: Source financial inputs produce a materially different ratio-engine result. The specified formula is retained for analytics; the source ratio is retained for display/reference.
--------------------------------------------------------------------------------
Company: BEL
Year: Mar 2021
Metric: ROE
Calculated: 3559.3220
Source: 26.3000
Difference: 3533.0220
Category: DATA_SOURCE_ISSUE
Explanation: Source financial inputs produce a materially different ratio-engine result. The specified formula is retained for analytics; the source ratio is retained for display/reference.
--------------------------------------------------------------------------------
Company: BEL
Year: Mar 2022
Metric: ROCE
Calculated: 2633.0709
Source: 34.6000
Difference: 2598.4709
Category: DATA_SOURCE_ISSUE
Explanation: Source financial inputs produce a materially different ratio-engine result. The specified formula is retained for analytics; the source ratio is retained for display/reference.
--------------------------------------------------------------------------------
Company: BEL
Year: Mar 2022
Metric: ROE
Calculated: 3478.2609
Source: 26.3000
Difference: 3451.9609
Category: DATA_SOURCE_ISSUE
Explanation: Source financial inputs produce a materially different ratio-engine result. The specified formula is retained for analytics; the source ratio is retained for display/reference.
--------------------------------------------------------------------------------
Company: BEL
Year: Mar 2023
Metric: ROCE
Calculated: 3587.7193
Source: 34.6000
Difference: 3553.1193
Category: DATA_SOURCE_ISSUE
Explanation: Source financial inputs produce a materially different ratio-engine result. The specified formula is retained for analytics; the source ratio is retained for display/reference.
--------------------------------------------------------------------------------
Company: BEL
Year: Mar 2023
Metric: ROE
Calculated: 3981.3333
Source: 26.3000
Difference: 3955.0333
Category: DATA_SOURCE_ISSUE
Explanation: Source financial inputs produce a materially different ratio-engine result. The specified formula is retained for analytics; the source ratio is retained for display/reference.
--------------------------------------------------------------------------------
Company: BEL
Year: Mar 2024
Metric: ROCE
Calculated: 3977.1654
Source: 34.6000
Difference: 3942.5654
Category: DATA_SOURCE_ISSUE
Explanation: Source financial inputs produce a materially different ratio-engine result. The specified formula is retained for analytics; the source ratio is retained for display/reference.
--------------------------------------------------------------------------------
Company: BEL
Year: Mar 2024
Metric: ROE
Calculated: 4744.0476
Source: 26.3000
Difference: 4717.7476
Category: DATA_SOURCE_ISSUE
Explanation: Source financial inputs produce a materially different ratio-engine result. The specified formula is retained for analytics; the source ratio is retained for display/reference.
--------------------------------------------------------------------------------
Company: BEL
Year: Mar 2024
Metric: ROCE
Calculated: 2988.7574
Source: 34.6000
Difference: 2954.1574
Category: DATA_SOURCE_ISSUE
Explanation: Source financial inputs produce a materially different ratio-engine result. The specified formula is retained for analytics; the source ratio is retained for display/reference.
--------------------------------------------------------------------------------
Company: BEL
Year: Mar 2024
Metric: ROE
Calculated: 4379.1209
Source: 26.3000
Difference: 4352.8209
Category: DATA_SOURCE_ISSUE
Explanation: Source financial inputs produce a materially different ratio-engine result. The specified formula is retained for analytics; the source ratio is retained for display/reference.
--------------------------------------------------------------------------------
Company: BHEL
Year: Mar 2013
Metric: ROCE
Calculated: 28.5229
Source: 3.2800
Difference: 25.2429
Category: DATA_SOURCE_ISSUE
Explanation: Source financial inputs produce a materially different ratio-engine result. The specified formula is retained for analytics; the source ratio is retained for display/reference.
--------------------------------------------------------------------------------
Company: BHEL
Year: Mar 2013
Metric: ROE
Calculated: 21.9091
Source: 1.0500
Difference: 20.8591
Category: DATA_SOURCE_ISSUE
Explanation: Source financial inputs produce a materially different ratio-engine result. The specified formula is retained for analytics; the source ratio is retained for display/reference.
--------------------------------------------------------------------------------
Company: BHEL
Year: Mar 2014
Metric: ROCE
Calculated: 12.0933
Source: 3.2800
Difference: 8.8133
Category: DATA_SOURCE_ISSUE
Explanation: Source financial inputs produce a materially different ratio-engine result. The specified formula is retained for analytics; the source ratio is retained for display/reference.
--------------------------------------------------------------------------------
Company: BHEL
Year: Mar 2014
Metric: ROE
Calculated: 10.5574
Source: 1.0500
Difference: 9.5074
Category: DATA_SOURCE_ISSUE
Explanation: Source financial inputs produce a materially different ratio-engine result. The specified formula is retained for analytics; the source ratio is retained for display/reference.
--------------------------------------------------------------------------------
Company: BHEL
Year: Mar 2016
Metric: ROCE
Calculated: -4.1720
Source: 3.2800
Difference: 7.4520
Category: DATA_SOURCE_ISSUE
Explanation: Source financial inputs produce a materially different ratio-engine result. The specified formula is retained for analytics; the source ratio is retained for display/reference.
--------------------------------------------------------------------------------
Company: BHEL
Year: Mar 2020
Metric: ROE
Calculated: -5.1221
Source: 1.0500
Difference: 6.1721
Category: DATA_SOURCE_ISSUE
Explanation: Source financial inputs produce a materially different ratio-engine result. The specified formula is retained for analytics; the source ratio is retained for display/reference.
--------------------------------------------------------------------------------
Company: BHEL
Year: Mar 2021
Metric: ROCE
Calculated: -9.8565
Source: 3.2800
Difference: 13.1365
Category: DATA_SOURCE_ISSUE
Explanation: Source financial inputs produce a materially different ratio-engine result. The specified formula is retained for analytics; the source ratio is retained for display/reference.
--------------------------------------------------------------------------------
Company: BHEL
Year: Mar 2021
Metric: ROE
Calculated: -10.3914
Source: 1.0500
Difference: 11.4414
Category: DATA_SOURCE_ISSUE
Explanation: Source financial inputs produce a materially different ratio-engine result. The specified formula is retained for analytics; the source ratio is retained for display/reference.
--------------------------------------------------------------------------------
Company: BOSCHLTD
Year: Mar 2015
Metric: ROCE
Calculated: 26.5621
Source: 20.6000
Difference: 5.9621
Category: DATA_SOURCE_ISSUE
Explanation: Source financial inputs produce a materially different ratio-engine result. The specified formula is retained for analytics; the source ratio is retained for display/reference.
--------------------------------------------------------------------------------
Company: BOSCHLTD
Year: Mar 2020
Metric: ROE
Calculated: 7.0119
Source: 16.0000
Difference: 8.9881
Category: DATA_SOURCE_ISSUE
Explanation: Source financial inputs produce a materially different ratio-engine result. The specified formula is retained for analytics; the source ratio is retained for display/reference.
--------------------------------------------------------------------------------
Company: BOSCHLTD
Year: Mar 2021
Metric: ROCE
Calculated: 11.7748
Source: 20.6000
Difference: 8.8252
Category: DATA_SOURCE_ISSUE
Explanation: Source financial inputs produce a materially different ratio-engine result. The specified formula is retained for analytics; the source ratio is retained for display/reference.
--------------------------------------------------------------------------------
Company: BOSCHLTD
Year: Mar 2021
Metric: ROE
Calculated: 4.9069
Source: 16.0000
Difference: 11.0931
Category: DATA_SOURCE_ISSUE
Explanation: Source financial inputs produce a materially different ratio-engine result. The specified formula is retained for analytics; the source ratio is retained for display/reference.
--------------------------------------------------------------------------------
Company: BOSCHLTD
Year: Mar 2022
Metric: ROCE
Calculated: 13.5861
Source: 20.6000
Difference: 7.0139
Category: DATA_SOURCE_ISSUE
Explanation: Source financial inputs produce a materially different ratio-engine result. The specified formula is retained for analytics; the source ratio is retained for display/reference.
--------------------------------------------------------------------------------
Company: BPCL
Year: Mar 2013
Metric: ROCE
Calculated: 13.4363
Source: 32.1000
Difference: 18.6637
Category: DATA_SOURCE_ISSUE
Explanation: Source financial inputs produce a materially different ratio-engine result. The specified formula is retained for analytics; the source ratio is retained for display/reference.
--------------------------------------------------------------------------------
Company: BPCL
Year: Mar 2013
Metric: ROE
Calculated: 11.5410
Source: 41.9000
Difference: 30.3590
Category: DATA_SOURCE_ISSUE
Explanation: Source financial inputs produce a materially different ratio-engine result. The specified formula is retained for analytics; the source ratio is retained for display/reference.
--------------------------------------------------------------------------------
Company: BPCL
Year: Mar 2014
Metric: ROCE
Calculated: 17.9001
Source: 32.1000
Difference: 14.1999
Category: DATA_SOURCE_ISSUE
Explanation: Source financial inputs produce a materially different ratio-engine result. The specified formula is retained for analytics; the source ratio is retained for display/reference.
--------------------------------------------------------------------------------
Company: BPCL
Year: Mar 2014
Metric: ROE
Calculated: 20.8488
Source: 41.9000
Difference: 21.0512
Category: DATA_SOURCE_ISSUE
Explanation: Source financial inputs produce a materially different ratio-engine result. The specified formula is retained for analytics; the source ratio is retained for display/reference.
--------------------------------------------------------------------------------
Company: BPCL
Year: Mar 2015
Metric: ROCE
Calculated: 20.3521
Source: 32.1000
Difference: 11.7479
Category: DATA_SOURCE_ISSUE
Explanation: Source financial inputs produce a materially different ratio-engine result. The specified formula is retained for analytics; the source ratio is retained for display/reference.
--------------------------------------------------------------------------------
Company: BPCL
Year: Mar 2015
Metric: ROE
Calculated: 22.5246
Source: 41.9000
Difference: 19.3754
Category: DATA_SOURCE_ISSUE
Explanation: Source financial inputs produce a materially different ratio-engine result. The specified formula is retained for analytics; the source ratio is retained for display/reference.
--------------------------------------------------------------------------------
Company: BPCL
Year: Mar 2016
Metric: ROCE
Calculated: 25.3429
Source: 32.1000
Difference: 6.7571
Category: DATA_SOURCE_ISSUE
Explanation: Source financial inputs produce a materially different ratio-engine result. The specified formula is retained for analytics; the source ratio is retained for display/reference.
--------------------------------------------------------------------------------
Company: BPCL
Year: Mar 2016
Metric: ROE
Calculated: 29.1034
Source: 41.9000
Difference: 12.7966
Category: DATA_SOURCE_ISSUE
Explanation: Source financial inputs produce a materially different ratio-engine result. The specified formula is retained for analytics; the source ratio is retained for display/reference.
--------------------------------------------------------------------------------
Company: BPCL
Year: Mar 2017
Metric: ROCE
Calculated: 20.7126
Source: 32.1000
Difference: 11.3874
Category: DATA_SOURCE_ISSUE
Explanation: Source financial inputs produce a materially different ratio-engine result. The specified formula is retained for analytics; the source ratio is retained for display/reference.
--------------------------------------------------------------------------------
Company: BPCL
Year: Mar 2017
Metric: ROE
Calculated: 30.8479
Source: 41.9000
Difference: 11.0521
Category: DATA_SOURCE_ISSUE
Explanation: Source financial inputs produce a materially different ratio-engine result. The specified formula is retained for analytics; the source ratio is retained for display/reference.
--------------------------------------------------------------------------------
Company: BPCL
Year: Mar 2018
Metric: ROCE
Calculated: 20.6212
Source: 32.1000
Difference: 11.4788
Category: DATA_SOURCE_ISSUE
Explanation: Source financial inputs produce a materially different ratio-engine result. The specified formula is retained for analytics; the source ratio is retained for display/reference.
--------------------------------------------------------------------------------
Company: BPCL
Year: Mar 2018
Metric: ROE
Calculated: 26.7402
Source: 41.9000
Difference: 15.1598
Category: DATA_SOURCE_ISSUE
Explanation: Source financial inputs produce a materially different ratio-engine result. The specified formula is retained for analytics; the source ratio is retained for display/reference.
--------------------------------------------------------------------------------
Company: BPCL
Year: Mar 2019
Metric: ROCE
Calculated: 18.0757
Source: 32.1000
Difference: 14.0243
Category: DATA_SOURCE_ISSUE
Explanation: Source financial inputs produce a materially different ratio-engine result. The specified formula is retained for analytics; the source ratio is retained for display/reference.
--------------------------------------------------------------------------------
Company: BPCL
Year: Mar 2019
Metric: ROE
Calculated: 21.9992
Source: 41.9000
Difference: 19.9008
Category: DATA_SOURCE_ISSUE
Explanation: Source financial inputs produce a materially different ratio-engine result. The specified formula is retained for analytics; the source ratio is retained for display/reference.
--------------------------------------------------------------------------------
Company: BPCL
Year: Mar 2020
Metric: ROCE
Calculated: 8.7983
Source: 32.1000
Difference: 23.3017
Category: DATA_SOURCE_ISSUE
Explanation: Source financial inputs produce a materially different ratio-engine result. The specified formula is retained for analytics; the source ratio is retained for display/reference.
--------------------------------------------------------------------------------
Company: BPCL
Year: Mar 2020
Metric: ROE
Calculated: 10.0350
Source: 41.9000
Difference: 31.8650
Category: DATA_SOURCE_ISSUE
Explanation: Source financial inputs produce a materially different ratio-engine result. The specified formula is retained for analytics; the source ratio is retained for display/reference.
--------------------------------------------------------------------------------
Company: BPCL
Year: Mar 2021
Metric: ROCE
Calculated: 19.4297
Source: 32.1000
Difference: 12.6703
Category: DATA_SOURCE_ISSUE
Explanation: Source financial inputs produce a materially different ratio-engine result. The specified formula is retained for analytics; the source ratio is retained for display/reference.
--------------------------------------------------------------------------------
Company: BPCL
Year: Mar 2021
Metric: ROE
Calculated: 32.3406
Source: 41.9000
Difference: 9.5594
Category: DATA_SOURCE_ISSUE
Explanation: Source financial inputs produce a materially different ratio-engine result. The specified formula is retained for analytics; the source ratio is retained for display/reference.
--------------------------------------------------------------------------------
Company: BPCL
Year: Mar 2022
Metric: ROCE
Calculated: 16.4352
Source: 32.1000
Difference: 15.6648
Category: DATA_SOURCE_ISSUE
Explanation: Source financial inputs produce a materially different ratio-engine result. The specified formula is retained for analytics; the source ratio is retained for display/reference.
--------------------------------------------------------------------------------
Company: BPCL
Year: Mar 2022
Metric: ROE
Calculated: 22.5065
Source: 41.9000
Difference: 19.3935
Category: DATA_SOURCE_ISSUE
Explanation: Source financial inputs produce a materially different ratio-engine result. The specified formula is retained for analytics; the source ratio is retained for display/reference.
--------------------------------------------------------------------------------
Company: BPCL
Year: Mar 2023
Metric: ROCE
Calculated: 8.8683
Source: 32.1000
Difference: 23.2317
Category: DATA_SOURCE_ISSUE
Explanation: Source financial inputs produce a materially different ratio-engine result. The specified formula is retained for analytics; the source ratio is retained for display/reference.
--------------------------------------------------------------------------------
Company: BPCL
Year: Mar 2023
Metric: ROE
Calculated: 3.9815
Source: 41.9000
Difference: 37.9185
Category: DATA_SOURCE_ISSUE
Explanation: Source financial inputs produce a materially different ratio-engine result. The specified formula is retained for analytics; the source ratio is retained for display/reference.
--------------------------------------------------------------------------------
Company: BPCL
Year: Mar 2024
Metric: ROE
Calculated: 35.5113
Source: 41.9000
Difference: 6.3887
Category: DATA_SOURCE_ISSUE
Explanation: Source financial inputs produce a materially different ratio-engine result. The specified formula is retained for analytics; the source ratio is retained for display/reference.
--------------------------------------------------------------------------------
Company: BPCL
Year: Mar 2024
Metric: ROE
Calculated: 34.8330
Source: 41.9000
Difference: 7.0670
Category: DATA_SOURCE_ISSUE
Explanation: Source financial inputs produce a materially different ratio-engine result. The specified formula is retained for analytics; the source ratio is retained for display/reference.
--------------------------------------------------------------------------------
Company: BRITANNIA
Year: Mar 2013
Metric: ROE
Calculated: 46.5950
Source: 57.1000
Difference: 10.5050
Category: DATA_SOURCE_ISSUE
Explanation: Source financial inputs produce a materially different ratio-engine result. The specified formula is retained for analytics; the source ratio is retained for display/reference.
--------------------------------------------------------------------------------
Company: BRITANNIA
Year: Mar 2014
Metric: ROCE
Calculated: 66.1392
Source: 48.9000
Difference: 17.2392
Category: DATA_SOURCE_ISSUE
Explanation: Source financial inputs produce a materially different ratio-engine result. The specified formula is retained for analytics; the source ratio is retained for display/reference.
--------------------------------------------------------------------------------
Company: BRITANNIA
Year: Mar 2014
Metric: ROE
Calculated: 49.4987
Source: 57.1000
Difference: 7.6013
Category: DATA_SOURCE_ISSUE
Explanation: Source financial inputs produce a materially different ratio-engine result. The specified formula is retained for analytics; the source ratio is retained for display/reference.
--------------------------------------------------------------------------------
Company: BRITANNIA
Year: Mar 2015
Metric: ROCE
Calculated: 62.5899
Source: 48.9000
Difference: 13.6899
Category: DATA_SOURCE_ISSUE
Explanation: Source financial inputs produce a materially different ratio-engine result. The specified formula is retained for analytics; the source ratio is retained for display/reference.
--------------------------------------------------------------------------------
Company: BRITANNIA
Year: Mar 2016
Metric: ROCE
Calculated: 55.0607
Source: 48.9000
Difference: 6.1607
Category: DATA_SOURCE_ISSUE
Explanation: Source financial inputs produce a materially different ratio-engine result. The specified formula is retained for analytics; the source ratio is retained for display/reference.
--------------------------------------------------------------------------------
Company: BRITANNIA
Year: Mar 2016
Metric: ROE
Calculated: 39.4359
Source: 57.1000
Difference: 17.6641
Category: DATA_SOURCE_ISSUE
Explanation: Source financial inputs produce a materially different ratio-engine result. The specified formula is retained for analytics; the source ratio is retained for display/reference.
--------------------------------------------------------------------------------
Company: BRITANNIA
Year: Mar 2017
Metric: ROE
Calculated: 32.8264
Source: 57.1000
Difference: 24.2736
Category: DATA_SOURCE_ISSUE
Explanation: Source financial inputs produce a materially different ratio-engine result. The specified formula is retained for analytics; the source ratio is retained for display/reference.
--------------------------------------------------------------------------------
Company: BRITANNIA
Year: Mar 2018
Metric: ROCE
Calculated: 41.6135
Source: 48.9000
Difference: 7.2865
Category: DATA_SOURCE_ISSUE
Explanation: Source financial inputs produce a materially different ratio-engine result. The specified formula is retained for analytics; the source ratio is retained for display/reference.
--------------------------------------------------------------------------------
Company: BRITANNIA
Year: Mar 2018
Metric: ROE
Calculated: 29.4774
Source: 57.1000
Difference: 27.6226
Category: DATA_SOURCE_ISSUE
Explanation: Source financial inputs produce a materially different ratio-engine result. The specified formula is retained for analytics; the source ratio is retained for display/reference.
--------------------------------------------------------------------------------
Company: BRITANNIA
Year: Mar 2019
Metric: ROCE
Calculated: 39.2833
Source: 48.9000
Difference: 9.6167
Category: DATA_SOURCE_ISSUE
Explanation: Source financial inputs produce a materially different ratio-engine result. The specified formula is retained for analytics; the source ratio is retained for display/reference.
--------------------------------------------------------------------------------
Company: BRITANNIA
Year: Mar 2019
Metric: ROE
Calculated: 27.1573
Source: 57.1000
Difference: 29.9427
Category: DATA_SOURCE_ISSUE
Explanation: Source financial inputs produce a materially different ratio-engine result. The specified formula is retained for analytics; the source ratio is retained for display/reference.
--------------------------------------------------------------------------------
Company: BRITANNIA
Year: Mar 2020
Metric: ROCE
Calculated: 31.0217
Source: 48.9000
Difference: 17.8783
Category: DATA_SOURCE_ISSUE
Explanation: Source financial inputs produce a materially different ratio-engine result. The specified formula is retained for analytics; the source ratio is retained for display/reference.
--------------------------------------------------------------------------------
Company: BRITANNIA
Year: Mar 2020
Metric: ROE
Calculated: 31.6602
Source: 57.1000
Difference: 25.4398
Category: DATA_SOURCE_ISSUE
Explanation: Source financial inputs produce a materially different ratio-engine result. The specified formula is retained for analytics; the source ratio is retained for display/reference.
--------------------------------------------------------------------------------
Company: BRITANNIA
Year: Mar 2022
Metric: ROCE
Calculated: 43.6793
Source: 48.9000
Difference: 5.2207
Category: DATA_SOURCE_ISSUE
Explanation: Source financial inputs produce a materially different ratio-engine result. The specified formula is retained for analytics; the source ratio is retained for display/reference.
--------------------------------------------------------------------------------
Company: BRITANNIA
Year: Mar 2023
Metric: ROCE
Calculated: 43.3471
Source: 48.9000
Difference: 5.5529
Category: DATA_SOURCE_ISSUE
Explanation: Source financial inputs produce a materially different ratio-engine result. The specified formula is retained for analytics; the source ratio is retained for display/reference.
--------------------------------------------------------------------------------
Company: BRITANNIA
Year: Mar 2023
Metric: ROE
Calculated: 65.5348
Source: 57.1000
Difference: 8.4348
Category: DATA_SOURCE_ISSUE
Explanation: Source financial inputs produce a materially different ratio-engine result. The specified formula is retained for analytics; the source ratio is retained for display/reference.
--------------------------------------------------------------------------------
Company: BRITANNIA
Year: Mar 2024
Metric: ROE
Calculated: 66.4798
Source: 57.1000
Difference: 9.3798
Category: DATA_SOURCE_ISSUE
Explanation: Source financial inputs produce a materially different ratio-engine result. The specified formula is retained for analytics; the source ratio is retained for display/reference.
--------------------------------------------------------------------------------
Company: CANBK
Year: Mar 2013
Metric: ROE
Calculated: 11.8963
Source: 17.9000
Difference: 6.0037
Category: DATA_SOURCE_ISSUE
Explanation: Source financial inputs produce a materially different ratio-engine result. The specified formula is retained for analytics; the source ratio is retained for display/reference.
--------------------------------------------------------------------------------
Company: CANBK
Year: Mar 2014
Metric: ROE
Calculated: 8.8547
Source: 17.9000
Difference: 9.0453
Category: DATA_SOURCE_ISSUE
Explanation: Source financial inputs produce a materially different ratio-engine result. The specified formula is retained for analytics; the source ratio is retained for display/reference.
--------------------------------------------------------------------------------
Company: CANBK
Year: Mar 2015
Metric: ROE
Calculated: 9.0207
Source: 17.9000
Difference: 8.8793
Category: DATA_SOURCE_ISSUE
Explanation: Source financial inputs produce a materially different ratio-engine result. The specified formula is retained for analytics; the source ratio is retained for display/reference.
--------------------------------------------------------------------------------
Company: CANBK
Year: Mar 2016
Metric: ROE
Calculated: -7.8217
Source: 17.9000
Difference: 25.7217
Category: DATA_SOURCE_ISSUE
Explanation: Source financial inputs produce a materially different ratio-engine result. The specified formula is retained for analytics; the source ratio is retained for display/reference.
--------------------------------------------------------------------------------
Company: CANBK
Year: Mar 2017
Metric: ROE
Calculated: 4.0680
Source: 17.9000
Difference: 13.8320
Category: DATA_SOURCE_ISSUE
Explanation: Source financial inputs produce a materially different ratio-engine result. The specified formula is retained for analytics; the source ratio is retained for display/reference.
--------------------------------------------------------------------------------
Company: CANBK
Year: Mar 2018
Metric: ROE
Calculated: -10.4968
Source: 17.9000
Difference: 28.3968
Category: DATA_SOURCE_ISSUE
Explanation: Source financial inputs produce a materially different ratio-engine result. The specified formula is retained for analytics; the source ratio is retained for display/reference.
--------------------------------------------------------------------------------
Company: CANBK
Year: Mar 2019
Metric: ROE
Calculated: 1.8467
Source: 17.9000
Difference: 16.0533
Category: DATA_SOURCE_ISSUE
Explanation: Source financial inputs produce a materially different ratio-engine result. The specified formula is retained for analytics; the source ratio is retained for display/reference.
--------------------------------------------------------------------------------
Company: CANBK
Year: Mar 2020
Metric: ROE
Calculated: -4.6619
Source: 17.9000
Difference: 22.5619
Category: DATA_SOURCE_ISSUE
Explanation: Source financial inputs produce a materially different ratio-engine result. The specified formula is retained for analytics; the source ratio is retained for display/reference.
--------------------------------------------------------------------------------
Company: CANBK
Year: Mar 2021
Metric: ROE
Calculated: 4.7380
Source: 17.9000
Difference: 13.1620
Category: DATA_SOURCE_ISSUE
Explanation: Source financial inputs produce a materially different ratio-engine result. The specified formula is retained for analytics; the source ratio is retained for display/reference.
--------------------------------------------------------------------------------
Company: CANBK
Year: Mar 2022
Metric: ROE
Calculated: 8.8020
Source: 17.9000
Difference: 9.0980
Category: DATA_SOURCE_ISSUE
Explanation: Source financial inputs produce a materially different ratio-engine result. The specified formula is retained for analytics; the source ratio is retained for display/reference.
--------------------------------------------------------------------------------
Company: CHOLAFIN
Year: Mar 2013
Metric: ROCE
Calculated: 3.9951
Source: 10.4000
Difference: 6.4049
Category: DATA_SOURCE_ISSUE
Explanation: Source financial inputs produce a materially different ratio-engine result. The specified formula is retained for analytics; the source ratio is retained for display/reference.
--------------------------------------------------------------------------------
Company: CHOLAFIN
Year: Mar 2014
Metric: ROCE
Calculated: 4.5772
Source: 10.4000
Difference: 5.8228
Category: DATA_SOURCE_ISSUE
Explanation: Source financial inputs produce a materially different ratio-engine result. The specified formula is retained for analytics; the source ratio is retained for display/reference.
--------------------------------------------------------------------------------
Company: CHOLAFIN
Year: Mar 2015
Metric: ROCE
Calculated: 4.6895
Source: 10.4000
Difference: 5.7105
Category: DATA_SOURCE_ISSUE
Explanation: Source financial inputs produce a materially different ratio-engine result. The specified formula is retained for analytics; the source ratio is retained for display/reference.
--------------------------------------------------------------------------------
Company: CHOLAFIN
Year: Mar 2016
Metric: ROCE
Calculated: 4.8291
Source: 10.4000
Difference: 5.5709
Category: DATA_SOURCE_ISSUE
Explanation: Source financial inputs produce a materially different ratio-engine result. The specified formula is retained for analytics; the source ratio is retained for display/reference.
--------------------------------------------------------------------------------
Company: CHOLAFIN
Year: Mar 2017
Metric: ROCE
Calculated: 4.6600
Source: 10.4000
Difference: 5.7400
Category: DATA_SOURCE_ISSUE
Explanation: Source financial inputs produce a materially different ratio-engine result. The specified formula is retained for analytics; the source ratio is retained for display/reference.
--------------------------------------------------------------------------------
Company: CHOLAFIN
Year: Mar 2018
Metric: ROCE
Calculated: 3.3391
Source: 10.4000
Difference: 7.0609
Category: DATA_SOURCE_ISSUE
Explanation: Source financial inputs produce a materially different ratio-engine result. The specified formula is retained for analytics; the source ratio is retained for display/reference.
--------------------------------------------------------------------------------
Company: CHOLAFIN
Year: Mar 2019
Metric: ROCE
Calculated: 2.8745
Source: 10.4000
Difference: 7.5255
Category: DATA_SOURCE_ISSUE
Explanation: Source financial inputs produce a materially different ratio-engine result. The specified formula is retained for analytics; the source ratio is retained for display/reference.
--------------------------------------------------------------------------------
Company: CHOLAFIN
Year: Mar 2020
Metric: ROCE
Calculated: 3.8304
Source: 10.4000
Difference: 6.5696
Category: DATA_SOURCE_ISSUE
Explanation: Source financial inputs produce a materially different ratio-engine result. The specified formula is retained for analytics; the source ratio is retained for display/reference.
--------------------------------------------------------------------------------
Company: CHOLAFIN
Year: Mar 2020
Metric: ROE
Calculated: 12.8537
Source: 20.2000
Difference: 7.3463
Category: DATA_SOURCE_ISSUE
Explanation: Source financial inputs produce a materially different ratio-engine result. The specified formula is retained for analytics; the source ratio is retained for display/reference.
--------------------------------------------------------------------------------
Company: CHOLAFIN
Year: Mar 2021
Metric: ROCE
Calculated: 3.9725
Source: 10.4000
Difference: 6.4275
Category: DATA_SOURCE_ISSUE
Explanation: Source financial inputs produce a materially different ratio-engine result. The specified formula is retained for analytics; the source ratio is retained for display/reference.
--------------------------------------------------------------------------------
Company: CHOLAFIN
Year: Mar 2022
Metric: ROCE
Calculated: 3.6149
Source: 10.4000
Difference: 6.7851
Category: DATA_SOURCE_ISSUE
Explanation: Source financial inputs produce a materially different ratio-engine result. The specified formula is retained for analytics; the source ratio is retained for display/reference.
--------------------------------------------------------------------------------
Company: CHOLAFIN
Year: Mar 2023
Metric: ROCE
Calculated: 3.2416
Source: 10.4000
Difference: 7.1584
Category: DATA_SOURCE_ISSUE
Explanation: Source financial inputs produce a materially different ratio-engine result. The specified formula is retained for analytics; the source ratio is retained for display/reference.
--------------------------------------------------------------------------------
Company: CHOLAFIN
Year: Mar 2024
Metric: ROCE
Calculated: 3.4952
Source: 10.4000
Difference: 6.9048
Category: DATA_SOURCE_ISSUE
Explanation: Source financial inputs produce a materially different ratio-engine result. The specified formula is retained for analytics; the source ratio is retained for display/reference.
--------------------------------------------------------------------------------
Company: CHOLAFIN
Year: Mar 2024
Metric: ROCE
Calculated: 3.0024
Source: 10.4000
Difference: 7.3976
Category: DATA_SOURCE_ISSUE
Explanation: Source financial inputs produce a materially different ratio-engine result. The specified formula is retained for analytics; the source ratio is retained for display/reference.
--------------------------------------------------------------------------------
Company: CIPLA
Year: Mar 2013
Metric: ROCE
Calculated: 60.7350
Source: 22.8000
Difference: 37.9350
Category: DATA_SOURCE_ISSUE
Explanation: Source financial inputs produce a materially different ratio-engine result. The specified formula is retained for analytics; the source ratio is retained for display/reference.
--------------------------------------------------------------------------------
Company: CIPLA
Year: Mar 2014
Metric: ROCE
Calculated: 71.0328
Source: 22.8000
Difference: 48.2328
Category: DATA_SOURCE_ISSUE
Explanation: Source financial inputs produce a materially different ratio-engine result. The specified formula is retained for analytics; the source ratio is retained for display/reference.
--------------------------------------------------------------------------------
Company: CIPLA
Year: Mar 2015
Metric: ROCE
Calculated: 73.4346
Source: 22.8000
Difference: 50.6346
Category: DATA_SOURCE_ISSUE
Explanation: Source financial inputs produce a materially different ratio-engine result. The specified formula is retained for analytics; the source ratio is retained for display/reference.
--------------------------------------------------------------------------------
Company: CIPLA
Year: Mar 2015
Metric: ROE
Calculated: 11.3775
Source: 16.8000
Difference: 5.4225
Category: DATA_SOURCE_ISSUE
Explanation: Source financial inputs produce a materially different ratio-engine result. The specified formula is retained for analytics; the source ratio is retained for display/reference.
--------------------------------------------------------------------------------
Company: CIPLA
Year: Mar 2016
Metric: ROCE
Calculated: 67.6476
Source: 22.8000
Difference: 44.8476
Category: DATA_SOURCE_ISSUE
Explanation: Source financial inputs produce a materially different ratio-engine result. The specified formula is retained for analytics; the source ratio is retained for display/reference.
--------------------------------------------------------------------------------
Company: CIPLA
Year: Mar 2017
Metric: ROCE
Calculated: 71.4294
Source: 22.8000
Difference: 48.6294
Category: DATA_SOURCE_ISSUE
Explanation: Source financial inputs produce a materially different ratio-engine result. The specified formula is retained for analytics; the source ratio is retained for display/reference.
--------------------------------------------------------------------------------
Company: CIPLA
Year: Mar 2017
Metric: ROE
Calculated: 8.2510
Source: 16.8000
Difference: 8.5490
Category: DATA_SOURCE_ISSUE
Explanation: Source financial inputs produce a materially different ratio-engine result. The specified formula is retained for analytics; the source ratio is retained for display/reference.
--------------------------------------------------------------------------------
Company: CIPLA
Year: Mar 2018
Metric: ROCE
Calculated: 67.2723
Source: 22.8000
Difference: 44.4723
Category: DATA_SOURCE_ISSUE
Explanation: Source financial inputs produce a materially different ratio-engine result. The specified formula is retained for analytics; the source ratio is retained for display/reference.
--------------------------------------------------------------------------------
Company: CIPLA
Year: Mar 2018
Metric: ROE
Calculated: 9.9585
Source: 16.8000
Difference: 6.8415
Category: DATA_SOURCE_ISSUE
Explanation: Source financial inputs produce a materially different ratio-engine result. The specified formula is retained for analytics; the source ratio is retained for display/reference.
--------------------------------------------------------------------------------
Company: CIPLA
Year: Mar 2019
Metric: ROCE
Calculated: 68.6310
Source: 22.8000
Difference: 45.8310
Category: DATA_SOURCE_ISSUE
Explanation: Source financial inputs produce a materially different ratio-engine result. The specified formula is retained for analytics; the source ratio is retained for display/reference.
--------------------------------------------------------------------------------
Company: CIPLA
Year: Mar 2019
Metric: ROE
Calculated: 9.9387
Source: 16.8000
Difference: 6.8613
Category: DATA_SOURCE_ISSUE
Explanation: Source financial inputs produce a materially different ratio-engine result. The specified formula is retained for analytics; the source ratio is retained for display/reference.
--------------------------------------------------------------------------------
Company: CIPLA
Year: Mar 2020
Metric: ROCE
Calculated: 74.9556
Source: 22.8000
Difference: 52.1556
Category: DATA_SOURCE_ISSUE
Explanation: Source financial inputs produce a materially different ratio-engine result. The specified formula is retained for analytics; the source ratio is retained for display/reference.
--------------------------------------------------------------------------------
Company: CIPLA
Year: Mar 2020
Metric: ROE
Calculated: 9.5160
Source: 16.8000
Difference: 7.2840
Category: DATA_SOURCE_ISSUE
Explanation: Source financial inputs produce a materially different ratio-engine result. The specified formula is retained for analytics; the source ratio is retained for display/reference.
--------------------------------------------------------------------------------
Company: CIPLA
Year: Mar 2021
Metric: ROCE
Calculated: 73.2891
Source: 22.8000
Difference: 50.4891
Category: DATA_SOURCE_ISSUE
Explanation: Source financial inputs produce a materially different ratio-engine result. The specified formula is retained for analytics; the source ratio is retained for display/reference.
--------------------------------------------------------------------------------
Company: CIPLA
Year: Mar 2022
Metric: ROCE
Calculated: 78.5998
Source: 22.8000
Difference: 55.7998
Category: DATA_SOURCE_ISSUE
Explanation: Source financial inputs produce a materially different ratio-engine result. The specified formula is retained for analytics; the source ratio is retained for display/reference.
--------------------------------------------------------------------------------
Company: CIPLA
Year: Mar 2023
Metric: ROCE
Calculated: 73.2177
Source: 22.8000
Difference: 50.4177
Category: DATA_SOURCE_ISSUE
Explanation: Source financial inputs produce a materially different ratio-engine result. The specified formula is retained for analytics; the source ratio is retained for display/reference.
--------------------------------------------------------------------------------
Company: CIPLA
Year: Mar 2024
Metric: ROCE
Calculated: 71.4579
Source: 22.8000
Difference: 48.6579
Category: DATA_SOURCE_ISSUE
Explanation: Source financial inputs produce a materially different ratio-engine result. The specified formula is retained for analytics; the source ratio is retained for display/reference.
--------------------------------------------------------------------------------
Company: CIPLA
Year: Mar 2024
Metric: ROCE
Calculated: 67.5930
Source: 22.8000
Difference: 44.7930
Category: DATA_SOURCE_ISSUE
Explanation: Source financial inputs produce a materially different ratio-engine result. The specified formula is retained for analytics; the source ratio is retained for display/reference.
--------------------------------------------------------------------------------
Company: COALINDIA
Year: Mar 2013
Metric: ROCE
Calculated: 100.8819
Source: 63.6000
Difference: 37.2819
Category: DATA_SOURCE_ISSUE
Explanation: Source financial inputs produce a materially different ratio-engine result. The specified formula is retained for analytics; the source ratio is retained for display/reference.
--------------------------------------------------------------------------------
Company: COALINDIA
Year: Mar 2013
Metric: ROE
Calculated: 35.8062
Source: 52.0000
Difference: 16.1938
Category: DATA_SOURCE_ISSUE
Explanation: Source financial inputs produce a materially different ratio-engine result. The specified formula is retained for analytics; the source ratio is retained for display/reference.
--------------------------------------------------------------------------------
Company: COALINDIA
Year: Mar 2014
Metric: ROCE
Calculated: 124.0947
Source: 63.6000
Difference: 60.4947
Category: DATA_SOURCE_ISSUE
Explanation: Source financial inputs produce a materially different ratio-engine result. The specified formula is retained for analytics; the source ratio is retained for display/reference.
--------------------------------------------------------------------------------
Company: COALINDIA
Year: Mar 2014
Metric: ROE
Calculated: 35.6381
Source: 52.0000
Difference: 16.3619
Category: DATA_SOURCE_ISSUE
Explanation: Source financial inputs produce a materially different ratio-engine result. The specified formula is retained for analytics; the source ratio is retained for display/reference.
--------------------------------------------------------------------------------
Company: COALINDIA
Year: Mar 2015
Metric: ROCE
Calculated: 139.2925
Source: 63.6000
Difference: 75.6925
Category: DATA_SOURCE_ISSUE
Explanation: Source financial inputs produce a materially different ratio-engine result. The specified formula is retained for analytics; the source ratio is retained for display/reference.
--------------------------------------------------------------------------------
Company: COALINDIA
Year: Mar 2015
Metric: ROE
Calculated: 34.0173
Source: 52.0000
Difference: 17.9827
Category: DATA_SOURCE_ISSUE
Explanation: Source financial inputs produce a materially different ratio-engine result. The specified formula is retained for analytics; the source ratio is retained for display/reference.
--------------------------------------------------------------------------------
Company: COALINDIA
Year: Mar 2016
Metric: ROCE
Calculated: 164.1513
Source: 63.6000
Difference: 100.5513
Category: DATA_SOURCE_ISSUE
Explanation: Source financial inputs produce a materially different ratio-engine result. The specified formula is retained for analytics; the source ratio is retained for display/reference.
--------------------------------------------------------------------------------
Company: COALINDIA
Year: Mar 2016
Metric: ROE
Calculated: 40.9583
Source: 52.0000
Difference: 11.0417
Category: DATA_SOURCE_ISSUE
Explanation: Source financial inputs produce a materially different ratio-engine result. The specified formula is retained for analytics; the source ratio is retained for display/reference.
--------------------------------------------------------------------------------
Company: COALINDIA
Year: Mar 2017
Metric: ROCE
Calculated: 238.6895
Source: 63.6000
Difference: 175.0895
Category: DATA_SOURCE_ISSUE
Explanation: Source financial inputs produce a materially different ratio-engine result. The specified formula is retained for analytics; the source ratio is retained for display/reference.
--------------------------------------------------------------------------------
Company: COALINDIA
Year: Mar 2017
Metric: ROE
Calculated: 37.8497
Source: 52.0000
Difference: 14.1503
Category: DATA_SOURCE_ISSUE
Explanation: Source financial inputs produce a materially different ratio-engine result. The specified formula is retained for analytics; the source ratio is retained for display/reference.
--------------------------------------------------------------------------------
Company: COALINDIA
Year: Mar 2018
Metric: ROCE
Calculated: 349.7698
Source: 63.6000
Difference: 286.1698
Category: DATA_SOURCE_ISSUE
Explanation: Source financial inputs produce a materially different ratio-engine result. The specified formula is retained for analytics; the source ratio is retained for display/reference.
--------------------------------------------------------------------------------
Company: COALINDIA
Year: Mar 2018
Metric: ROE
Calculated: 34.8796
Source: 52.0000
Difference: 17.1204
Category: DATA_SOURCE_ISSUE
Explanation: Source financial inputs produce a materially different ratio-engine result. The specified formula is retained for analytics; the source ratio is retained for display/reference.
--------------------------------------------------------------------------------
Company: COALINDIA
Year: Mar 2019
Metric: ROCE
Calculated: 260.1744
Source: 63.6000
Difference: 196.5744
Category: DATA_SOURCE_ISSUE
Explanation: Source financial inputs produce a materially different ratio-engine result. The specified formula is retained for analytics; the source ratio is retained for display/reference.
--------------------------------------------------------------------------------
Company: COALINDIA
Year: Mar 2019
Metric: ROE
Calculated: 66.0140
Source: 52.0000
Difference: 14.0140
Category: DATA_SOURCE_ISSUE
Explanation: Source financial inputs produce a materially different ratio-engine result. The specified formula is retained for analytics; the source ratio is retained for display/reference.
--------------------------------------------------------------------------------
Company: COALINDIA
Year: Mar 2020
Metric: ROCE
Calculated: 193.0502
Source: 63.6000
Difference: 129.4502
Category: DATA_SOURCE_ISSUE
Explanation: Source financial inputs produce a materially different ratio-engine result. The specified formula is retained for analytics; the source ratio is retained for display/reference.
--------------------------------------------------------------------------------
Company: COALINDIA
Year: Mar 2021
Metric: ROCE
Calculated: 168.3836
Source: 63.6000
Difference: 104.7836
Category: DATA_SOURCE_ISSUE
Explanation: Source financial inputs produce a materially different ratio-engine result. The specified formula is retained for analytics; the source ratio is retained for display/reference.
--------------------------------------------------------------------------------
Company: COALINDIA
Year: Mar 2021
Metric: ROE
Calculated: 34.7828
Source: 52.0000
Difference: 17.2172
Category: DATA_SOURCE_ISSUE
Explanation: Source financial inputs produce a materially different ratio-engine result. The specified formula is retained for analytics; the source ratio is retained for display/reference.
--------------------------------------------------------------------------------
Company: COALINDIA
Year: Mar 2022
Metric: ROCE
Calculated: 182.1699
Source: 63.6000
Difference: 118.5699
Category: DATA_SOURCE_ISSUE
Explanation: Source financial inputs produce a materially different ratio-engine result. The specified formula is retained for analytics; the source ratio is retained for display/reference.
--------------------------------------------------------------------------------
Company: COALINDIA
Year: Mar 2022
Metric: ROE
Calculated: 40.2800
Source: 52.0000
Difference: 11.7200
Category: DATA_SOURCE_ISSUE
Explanation: Source financial inputs produce a materially different ratio-engine result. The specified formula is retained for analytics; the source ratio is retained for display/reference.
--------------------------------------------------------------------------------
Company: COALINDIA
Year: Mar 2023
Metric: ROCE
Calculated: 144.2600
Source: 63.6000
Difference: 80.6600
Category: DATA_SOURCE_ISSUE
Explanation: Source financial inputs produce a materially different ratio-engine result. The specified formula is retained for analytics; the source ratio is retained for display/reference.
--------------------------------------------------------------------------------
Company: COALINDIA
Year: Mar 2024
Metric: ROCE
Calculated: 105.7130
Source: 63.6000
Difference: 42.1130
Category: DATA_SOURCE_ISSUE
Explanation: Source financial inputs produce a materially different ratio-engine result. The specified formula is retained for analytics; the source ratio is retained for display/reference.
--------------------------------------------------------------------------------
Company: COALINDIA
Year: Mar 2024
Metric: ROE
Calculated: 45.1698
Source: 52.0000
Difference: 6.8302
Category: DATA_SOURCE_ISSUE
Explanation: Source financial inputs produce a materially different ratio-engine result. The specified formula is retained for analytics; the source ratio is retained for display/reference.
--------------------------------------------------------------------------------
Company: COALINDIA
Year: Mar 2024
Metric: ROCE
Calculated: 90.7117
Source: 63.6000
Difference: 27.1117
Category: DATA_SOURCE_ISSUE
Explanation: Source financial inputs produce a materially different ratio-engine result. The specified formula is retained for analytics; the source ratio is retained for display/reference.
--------------------------------------------------------------------------------
Company: COALINDIA
Year: Mar 2024
Metric: ROE
Calculated: 38.8463
Source: 52.0000
Difference: 13.1537
Category: DATA_SOURCE_ISSUE
Explanation: Source financial inputs produce a materially different ratio-engine result. The specified formula is retained for analytics; the source ratio is retained for display/reference.
--------------------------------------------------------------------------------
Company: DABUR
Year: Mar 2013
Metric: ROCE
Calculated: 30.5607
Source: 22.3000
Difference: 8.2607
Category: DATA_SOURCE_ISSUE
Explanation: Source financial inputs produce a materially different ratio-engine result. The specified formula is retained for analytics; the source ratio is retained for display/reference.
--------------------------------------------------------------------------------
Company: DABUR
Year: Mar 2013
Metric: ROE
Calculated: 36.5632
Source: 19.2000
Difference: 17.3632
Category: DATA_SOURCE_ISSUE
Explanation: Source financial inputs produce a materially different ratio-engine result. The specified formula is retained for analytics; the source ratio is retained for display/reference.
--------------------------------------------------------------------------------
Company: DABUR
Year: Mar 2014
Metric: ROCE
Calculated: 34.5422
Source: 22.3000
Difference: 12.2422
Category: DATA_SOURCE_ISSUE
Explanation: Source financial inputs produce a materially different ratio-engine result. The specified formula is retained for analytics; the source ratio is retained for display/reference.
--------------------------------------------------------------------------------
Company: DABUR
Year: Mar 2014
Metric: ROE
Calculated: 34.4880
Source: 19.2000
Difference: 15.2880
Category: DATA_SOURCE_ISSUE
Explanation: Source financial inputs produce a materially different ratio-engine result. The specified formula is retained for analytics; the source ratio is retained for display/reference.
--------------------------------------------------------------------------------
Company: DABUR
Year: Mar 2015
Metric: ROCE
Calculated: 32.2896
Source: 22.3000
Difference: 9.9896
Category: DATA_SOURCE_ISSUE
Explanation: Source financial inputs produce a materially different ratio-engine result. The specified formula is retained for analytics; the source ratio is retained for display/reference.
--------------------------------------------------------------------------------
Company: DABUR
Year: Mar 2015
Metric: ROE
Calculated: 31.8426
Source: 19.2000
Difference: 12.6426
Category: DATA_SOURCE_ISSUE
Explanation: Source financial inputs produce a materially different ratio-engine result. The specified formula is retained for analytics; the source ratio is retained for display/reference.
--------------------------------------------------------------------------------
Company: DABUR
Year: Mar 2016
Metric: ROCE
Calculated: 30.5064
Source: 22.3000
Difference: 8.2064
Category: DATA_SOURCE_ISSUE
Explanation: Source financial inputs produce a materially different ratio-engine result. The specified formula is retained for analytics; the source ratio is retained for display/reference.
--------------------------------------------------------------------------------
Company: DABUR
Year: Mar 2016
Metric: ROE
Calculated: 30.0647
Source: 19.2000
Difference: 10.8647
Category: DATA_SOURCE_ISSUE
Explanation: Source financial inputs produce a materially different ratio-engine result. The specified formula is retained for analytics; the source ratio is retained for display/reference.
--------------------------------------------------------------------------------
Company: DABUR
Year: Mar 2017
Metric: ROE
Calculated: 26.4081
Source: 19.2000
Difference: 7.2081
Category: DATA_SOURCE_ISSUE
Explanation: Source financial inputs produce a materially different ratio-engine result. The specified formula is retained for analytics; the source ratio is retained for display/reference.
--------------------------------------------------------------------------------
Company: DABUR
Year: Mar 2019
Metric: ROCE
Calculated: 27.4838
Source: 22.3000
Difference: 5.1838
Category: DATA_SOURCE_ISSUE
Explanation: Source financial inputs produce a materially different ratio-engine result. The specified formula is retained for analytics; the source ratio is retained for display/reference.
--------------------------------------------------------------------------------
Company: DABUR
Year: Mar 2019
Metric: ROE
Calculated: 25.6747
Source: 19.2000
Difference: 6.4747
Category: DATA_SOURCE_ISSUE
Explanation: Source financial inputs produce a materially different ratio-engine result. The specified formula is retained for analytics; the source ratio is retained for display/reference.
--------------------------------------------------------------------------------
Company: DIVISLAB
Year: Mar 2013
Metric: ROCE
Calculated: 32.2021
Source: 16.5000
Difference: 15.7021
Category: DATA_SOURCE_ISSUE
Explanation: Source financial inputs produce a materially different ratio-engine result. The specified formula is retained for analytics; the source ratio is retained for display/reference.
--------------------------------------------------------------------------------
Company: DIVISLAB
Year: Mar 2013
Metric: ROE
Calculated: 24.0704
Source: 12.2000
Difference: 11.8704
Category: DATA_SOURCE_ISSUE
Explanation: Source financial inputs produce a materially different ratio-engine result. The specified formula is retained for analytics; the source ratio is retained for display/reference.
--------------------------------------------------------------------------------
Company: DIVISLAB
Year: Mar 2014
Metric: ROCE
Calculated: 34.1382
Source: 16.5000
Difference: 17.6382
Category: DATA_SOURCE_ISSUE
Explanation: Source financial inputs produce a materially different ratio-engine result. The specified formula is retained for analytics; the source ratio is retained for display/reference.
--------------------------------------------------------------------------------
Company: DIVISLAB
Year: Mar 2014
Metric: ROE
Calculated: 26.0796
Source: 12.2000
Difference: 13.8796
Category: DATA_SOURCE_ISSUE
Explanation: Source financial inputs produce a materially different ratio-engine result. The specified formula is retained for analytics; the source ratio is retained for display/reference.
--------------------------------------------------------------------------------
Company: DIVISLAB
Year: Mar 2015
Metric: ROCE
Calculated: 33.2955
Source: 16.5000
Difference: 16.7955
Category: DATA_SOURCE_ISSUE
Explanation: Source financial inputs produce a materially different ratio-engine result. The specified formula is retained for analytics; the source ratio is retained for display/reference.
--------------------------------------------------------------------------------
Company: DIVISLAB
Year: Mar 2015
Metric: ROE
Calculated: 24.3707
Source: 12.2000
Difference: 12.1707
Category: DATA_SOURCE_ISSUE
Explanation: Source financial inputs produce a materially different ratio-engine result. The specified formula is retained for analytics; the source ratio is retained for display/reference.
--------------------------------------------------------------------------------
Company: DIVISLAB
Year: Mar 2016
Metric: ROCE
Calculated: 32.8258
Source: 16.5000
Difference: 16.3258
Category: DATA_SOURCE_ISSUE
Explanation: Source financial inputs produce a materially different ratio-engine result. The specified formula is retained for analytics; the source ratio is retained for display/reference.
--------------------------------------------------------------------------------
Company: DIVISLAB
Year: Mar 2016
Metric: ROE
Calculated: 26.2287
Source: 12.2000
Difference: 14.0287
Category: DATA_SOURCE_ISSUE
Explanation: Source financial inputs produce a materially different ratio-engine result. The specified formula is retained for analytics; the source ratio is retained for display/reference.
--------------------------------------------------------------------------------
Company: DIVISLAB
Year: Mar 2017
Metric: ROCE
Calculated: 26.8867
Source: 16.5000
Difference: 10.3867
Category: DATA_SOURCE_ISSUE
Explanation: Source financial inputs produce a materially different ratio-engine result. The specified formula is retained for analytics; the source ratio is retained for display/reference.
--------------------------------------------------------------------------------
Company: DIVISLAB
Year: Mar 2017
Metric: ROE
Calculated: 19.7872
Source: 12.2000
Difference: 7.5872
Category: DATA_SOURCE_ISSUE
Explanation: Source financial inputs produce a materially different ratio-engine result. The specified formula is retained for analytics; the source ratio is retained for display/reference.
--------------------------------------------------------------------------------
Company: DIVISLAB
Year: Mar 2019
Metric: ROCE
Calculated: 26.5326
Source: 16.5000
Difference: 10.0326
Category: DATA_SOURCE_ISSUE
Explanation: Source financial inputs produce a materially different ratio-engine result. The specified formula is retained for analytics; the source ratio is retained for display/reference.
--------------------------------------------------------------------------------
Company: DIVISLAB
Year: Mar 2019
Metric: ROE
Calculated: 19.4480
Source: 12.2000
Difference: 7.2480
Category: DATA_SOURCE_ISSUE
Explanation: Source financial inputs produce a materially different ratio-engine result. The specified formula is retained for analytics; the source ratio is retained for display/reference.
--------------------------------------------------------------------------------
Company: DIVISLAB
Year: Mar 2020
Metric: ROCE
Calculated: 24.8469
Source: 16.5000
Difference: 8.3469
Category: DATA_SOURCE_ISSUE
Explanation: Source financial inputs produce a materially different ratio-engine result. The specified formula is retained for analytics; the source ratio is retained for display/reference.
--------------------------------------------------------------------------------
Company: DIVISLAB
Year: Mar 2020
Metric: ROE
Calculated: 18.8372
Source: 12.2000
Difference: 6.6372
Category: DATA_SOURCE_ISSUE
Explanation: Source financial inputs produce a materially different ratio-engine result. The specified formula is retained for analytics; the source ratio is retained for display/reference.
--------------------------------------------------------------------------------
Company: DIVISLAB
Year: Mar 2021
Metric: ROCE
Calculated: 30.8280
Source: 16.5000
Difference: 14.3280
Category: DATA_SOURCE_ISSUE
Explanation: Source financial inputs produce a materially different ratio-engine result. The specified formula is retained for analytics; the source ratio is retained for display/reference.
--------------------------------------------------------------------------------
Company: DIVISLAB
Year: Mar 2021
Metric: ROE
Calculated: 21.3448
Source: 12.2000
Difference: 9.1448
Category: DATA_SOURCE_ISSUE
Explanation: Source financial inputs produce a materially different ratio-engine result. The specified formula is retained for analytics; the source ratio is retained for display/reference.
--------------------------------------------------------------------------------
Company: DIVISLAB
Year: Mar 2022
Metric: ROCE
Calculated: 33.1146
Source: 16.5000
Difference: 16.6146
Category: DATA_SOURCE_ISSUE
Explanation: Source financial inputs produce a materially different ratio-engine result. The specified formula is retained for analytics; the source ratio is retained for display/reference.
--------------------------------------------------------------------------------
Company: DIVISLAB
Year: Mar 2022
Metric: ROE
Calculated: 25.2387
Source: 12.2000
Difference: 13.0387
Category: DATA_SOURCE_ISSUE
Explanation: Source financial inputs produce a materially different ratio-engine result. The specified formula is retained for analytics; the source ratio is retained for display/reference.
--------------------------------------------------------------------------------
Company: DLF
Year: Mar 2015
Metric: ROE
Calculated: 1.8525
Source: 6.9500
Difference: 5.0975
Category: DATA_SOURCE_ISSUE
Explanation: Source financial inputs produce a materially different ratio-engine result. The specified formula is retained for analytics; the source ratio is retained for display/reference.
--------------------------------------------------------------------------------
Company: DLF
Year: Mar 2016
Metric: ROE
Calculated: 1.2672
Source: 6.9500
Difference: 5.6828
Category: DATA_SOURCE_ISSUE
Explanation: Source financial inputs produce a materially different ratio-engine result. The specified formula is retained for analytics; the source ratio is retained for display/reference.
--------------------------------------------------------------------------------
Company: DLF
Year: Mar 2018
Metric: ROE
Calculated: 12.6788
Source: 6.9500
Difference: 5.7288
Category: DATA_SOURCE_ISSUE
Explanation: Source financial inputs produce a materially different ratio-engine result. The specified formula is retained for analytics; the source ratio is retained for display/reference.
--------------------------------------------------------------------------------
Company: DLF
Year: Mar 2020
Metric: ROE
Calculated: -1.7128
Source: 6.9500
Difference: 8.6628
Category: DATA_SOURCE_ISSUE
Explanation: Source financial inputs produce a materially different ratio-engine result. The specified formula is retained for analytics; the source ratio is retained for display/reference.
--------------------------------------------------------------------------------
Company: DMART
Year: Mar 2016
Metric: ROCE
Calculated: 24.4748
Source: 19.4000
Difference: 5.0748
Category: DATA_SOURCE_ISSUE
Explanation: Source financial inputs produce a materially different ratio-engine result. The specified formula is retained for analytics; the source ratio is retained for display/reference.
--------------------------------------------------------------------------------
Company: DMART
Year: Mar 2016
Metric: ROE
Calculated: 21.0388
Source: 14.5000
Difference: 6.5388
Category: DATA_SOURCE_ISSUE
Explanation: Source financial inputs produce a materially different ratio-engine result. The specified formula is retained for analytics; the source ratio is retained for display/reference.
--------------------------------------------------------------------------------
Company: DMART
Year: Mar 2018
Metric: ROCE
Calculated: 26.4879
Source: 19.4000
Difference: 7.0879
Category: DATA_SOURCE_ISSUE
Explanation: Source financial inputs produce a materially different ratio-engine result. The specified formula is retained for analytics; the source ratio is retained for display/reference.
--------------------------------------------------------------------------------
Company: DMART
Year: Mar 2019
Metric: ROCE
Calculated: 25.9742
Source: 19.4000
Difference: 6.5742
Category: DATA_SOURCE_ISSUE
Explanation: Source financial inputs produce a materially different ratio-engine result. The specified formula is retained for analytics; the source ratio is retained for display/reference.
--------------------------------------------------------------------------------
Company: DMART
Year: Mar 2021
Metric: ROCE
Calculated: 13.8745
Source: 19.4000
Difference: 5.5255
Category: DATA_SOURCE_ISSUE
Explanation: Source financial inputs produce a materially different ratio-engine result. The specified formula is retained for analytics; the source ratio is retained for display/reference.
--------------------------------------------------------------------------------
Company: DMART
Year: Mar 2021
Metric: ROE
Calculated: 9.0200
Source: 14.5000
Difference: 5.4800
Category: DATA_SOURCE_ISSUE
Explanation: Source financial inputs produce a materially different ratio-engine result. The specified formula is retained for analytics; the source ratio is retained for display/reference.
--------------------------------------------------------------------------------
Company: DRREDDY
Year: Mar 2017
Metric: ROCE
Calculated: 14.3888
Source: 26.5000
Difference: 12.1112
Category: DATA_SOURCE_ISSUE
Explanation: Source financial inputs produce a materially different ratio-engine result. The specified formula is retained for analytics; the source ratio is retained for display/reference.
--------------------------------------------------------------------------------
Company: DRREDDY
Year: Mar 2017
Metric: ROE
Calculated: 10.5366
Source: 21.4000
Difference: 10.8634
Category: DATA_SOURCE_ISSUE
Explanation: Source financial inputs produce a materially different ratio-engine result. The specified formula is retained for analytics; the source ratio is retained for display/reference.
--------------------------------------------------------------------------------
Company: DRREDDY
Year: Mar 2018
Metric: ROCE
Calculated: 13.3254
Source: 26.5000
Difference: 13.1746
Category: DATA_SOURCE_ISSUE
Explanation: Source financial inputs produce a materially different ratio-engine result. The specified formula is retained for analytics; the source ratio is retained for display/reference.
--------------------------------------------------------------------------------
Company: DRREDDY
Year: Mar 2018
Metric: ROE
Calculated: 7.5326
Source: 21.4000
Difference: 13.8674
Category: DATA_SOURCE_ISSUE
Explanation: Source financial inputs produce a materially different ratio-engine result. The specified formula is retained for analytics; the source ratio is retained for display/reference.
--------------------------------------------------------------------------------
Company: DRREDDY
Year: Mar 2019
Metric: ROCE
Calculated: 17.7920
Source: 26.5000
Difference: 8.7080
Category: DATA_SOURCE_ISSUE
Explanation: Source financial inputs produce a materially different ratio-engine result. The specified formula is retained for analytics; the source ratio is retained for display/reference.
--------------------------------------------------------------------------------
Company: DRREDDY
Year: Mar 2019
Metric: ROE
Calculated: 13.9047
Source: 21.4000
Difference: 7.4953
Category: DATA_SOURCE_ISSUE
Explanation: Source financial inputs produce a materially different ratio-engine result. The specified formula is retained for analytics; the source ratio is retained for display/reference.
--------------------------------------------------------------------------------
Company: DRREDDY
Year: Mar 2020
Metric: ROCE
Calculated: 13.9087
Source: 26.5000
Difference: 12.5913
Category: DATA_SOURCE_ISSUE
Explanation: Source financial inputs produce a materially different ratio-engine result. The specified formula is retained for analytics; the source ratio is retained for display/reference.
--------------------------------------------------------------------------------
Company: DRREDDY
Year: Mar 2020
Metric: ROE
Calculated: 12.9880
Source: 21.4000
Difference: 8.4120
Category: DATA_SOURCE_ISSUE
Explanation: Source financial inputs produce a materially different ratio-engine result. The specified formula is retained for analytics; the source ratio is retained for display/reference.
--------------------------------------------------------------------------------
Company: DRREDDY
Year: Mar 2021
Metric: ROCE
Calculated: 18.7403
Source: 26.5000
Difference: 7.7597
Category: DATA_SOURCE_ISSUE
Explanation: Source financial inputs produce a materially different ratio-engine result. The specified formula is retained for analytics; the source ratio is retained for display/reference.
--------------------------------------------------------------------------------
Company: DRREDDY
Year: Mar 2021
Metric: ROE
Calculated: 11.0651
Source: 21.4000
Difference: 10.3349
Category: DATA_SOURCE_ISSUE
Explanation: Source financial inputs produce a materially different ratio-engine result. The specified formula is retained for analytics; the source ratio is retained for display/reference.
--------------------------------------------------------------------------------
Company: DRREDDY
Year: Mar 2022
Metric: ROCE
Calculated: 16.6755
Source: 26.5000
Difference: 9.8245
Category: DATA_SOURCE_ISSUE
Explanation: Source financial inputs produce a materially different ratio-engine result. The specified formula is retained for analytics; the source ratio is retained for display/reference.
--------------------------------------------------------------------------------
Company: DRREDDY
Year: Mar 2022
Metric: ROE
Calculated: 11.3575
Source: 21.4000
Difference: 10.0425
Category: DATA_SOURCE_ISSUE
Explanation: Source financial inputs produce a materially different ratio-engine result. The specified formula is retained for analytics; the source ratio is retained for display/reference.
--------------------------------------------------------------------------------
Company: EICHERMOT
Year: Dec 2014
Metric: ROCE
Calculated: 43.4343
Source: 31.1000
Difference: 12.3343
Category: DATA_SOURCE_ISSUE
Explanation: Source financial inputs produce a materially different ratio-engine result. The specified formula is retained for analytics; the source ratio is retained for display/reference.
--------------------------------------------------------------------------------
Company: EICHERMOT
Year: Mar 2016
Metric: ROCE
Calculated: 45.9739
Source: 31.1000
Difference: 14.8739
Category: DATA_SOURCE_ISSUE
Explanation: Source financial inputs produce a materially different ratio-engine result. The specified formula is retained for analytics; the source ratio is retained for display/reference.
--------------------------------------------------------------------------------
Company: EICHERMOT
Year: Mar 2016
Metric: ROE
Calculated: 36.6274
Source: 24.2000
Difference: 12.4274
Category: DATA_SOURCE_ISSUE
Explanation: Source financial inputs produce a materially different ratio-engine result. The specified formula is retained for analytics; the source ratio is retained for display/reference.
--------------------------------------------------------------------------------
Company: EICHERMOT
Year: Mar 2017
Metric: ROCE
Calculated: 39.8387
Source: 31.1000
Difference: 8.7387
Category: DATA_SOURCE_ISSUE
Explanation: Source financial inputs produce a materially different ratio-engine result. The specified formula is retained for analytics; the source ratio is retained for display/reference.
--------------------------------------------------------------------------------
Company: EICHERMOT
Year: Mar 2017
Metric: ROE
Calculated: 31.1880
Source: 24.2000
Difference: 6.9880
Category: DATA_SOURCE_ISSUE
Explanation: Source financial inputs produce a materially different ratio-engine result. The specified formula is retained for analytics; the source ratio is retained for display/reference.
--------------------------------------------------------------------------------
Company: EICHERMOT
Year: Mar 2018
Metric: ROCE
Calculated: 39.1171
Source: 31.1000
Difference: 8.0171
Category: DATA_SOURCE_ISSUE
Explanation: Source financial inputs produce a materially different ratio-engine result. The specified formula is retained for analytics; the source ratio is retained for display/reference.
--------------------------------------------------------------------------------
Company: EICHERMOT
Year: Mar 2020
Metric: ROCE
Calculated: 21.3392
Source: 31.1000
Difference: 9.7608
Category: DATA_SOURCE_ISSUE
Explanation: Source financial inputs produce a materially different ratio-engine result. The specified formula is retained for analytics; the source ratio is retained for display/reference.
--------------------------------------------------------------------------------
Company: EICHERMOT
Year: Mar 2020
Metric: ROE
Calculated: 18.3048
Source: 24.2000
Difference: 5.8952
Category: DATA_SOURCE_ISSUE
Explanation: Source financial inputs produce a materially different ratio-engine result. The specified formula is retained for analytics; the source ratio is retained for display/reference.
--------------------------------------------------------------------------------
Company: EICHERMOT
Year: Mar 2021
Metric: ROCE
Calculated: 15.2955
Source: 31.1000
Difference: 15.8045
Category: DATA_SOURCE_ISSUE
Explanation: Source financial inputs produce a materially different ratio-engine result. The specified formula is retained for analytics; the source ratio is retained for display/reference.
--------------------------------------------------------------------------------
Company: EICHERMOT
Year: Mar 2021
Metric: ROE
Calculated: 11.7765
Source: 24.2000
Difference: 12.4235
Category: DATA_SOURCE_ISSUE
Explanation: Source financial inputs produce a materially different ratio-engine result. The specified formula is retained for analytics; the source ratio is retained for display/reference.
--------------------------------------------------------------------------------
Company: EICHERMOT
Year: Mar 2022
Metric: ROCE
Calculated: 17.1280
Source: 31.1000
Difference: 13.9720
Category: DATA_SOURCE_ISSUE
Explanation: Source financial inputs produce a materially different ratio-engine result. The specified formula is retained for analytics; the source ratio is retained for display/reference.
--------------------------------------------------------------------------------
Company: EICHERMOT
Year: Mar 2022
Metric: ROE
Calculated: 13.3011
Source: 24.2000
Difference: 10.8989
Category: DATA_SOURCE_ISSUE
Explanation: Source financial inputs produce a materially different ratio-engine result. The specified formula is retained for analytics; the source ratio is retained for display/reference.
--------------------------------------------------------------------------------
Company: EICHERMOT
Year: Mar 2023
Metric: ROCE
Calculated: 22.5553
Source: 31.1000
Difference: 8.5447
Category: DATA_SOURCE_ISSUE
Explanation: Source financial inputs produce a materially different ratio-engine result. The specified formula is retained for analytics; the source ratio is retained for display/reference.
--------------------------------------------------------------------------------
Company: EICHERMOT
Year: Mar 2024
Metric: ROCE
Calculated: 23.4456
Source: 31.1000
Difference: 7.6544
Category: DATA_SOURCE_ISSUE
Explanation: Source financial inputs produce a materially different ratio-engine result. The specified formula is retained for analytics; the source ratio is retained for display/reference.
--------------------------------------------------------------------------------
Company: EICHERMOT
Year: Mar 2024
Metric: ROCE
Calculated: 22.3340
Source: 31.1000
Difference: 8.7660
Category: DATA_SOURCE_ISSUE
Explanation: Source financial inputs produce a materially different ratio-engine result. The specified formula is retained for analytics; the source ratio is retained for display/reference.
--------------------------------------------------------------------------------
Company: GAIL
Year: Mar 2016
Metric: ROE
Calculated: 5.1479
Source: 14.0000
Difference: 8.8521
Category: DATA_SOURCE_ISSUE
Explanation: Source financial inputs produce a materially different ratio-engine result. The specified formula is retained for analytics; the source ratio is retained for display/reference.
--------------------------------------------------------------------------------
Company: GAIL
Year: Mar 2017
Metric: ROE
Calculated: 8.5841
Source: 14.0000
Difference: 5.4159
Category: DATA_SOURCE_ISSUE
Explanation: Source financial inputs produce a materially different ratio-engine result. The specified formula is retained for analytics; the source ratio is retained for display/reference.
--------------------------------------------------------------------------------
Company: GAIL
Year: Mar 2019
Metric: ROCE
Calculated: 20.6063
Source: 14.7000
Difference: 5.9063
Category: DATA_SOURCE_ISSUE
Explanation: Source financial inputs produce a materially different ratio-engine result. The specified formula is retained for analytics; the source ratio is retained for display/reference.
--------------------------------------------------------------------------------
Company: GAIL
Year: Mar 2020
Metric: ROE
Calculated: 19.3127
Source: 14.0000
Difference: 5.3127
Category: DATA_SOURCE_ISSUE
Explanation: Source financial inputs produce a materially different ratio-engine result. The specified formula is retained for analytics; the source ratio is retained for display/reference.
--------------------------------------------------------------------------------
Company: GAIL
Year: Mar 2022
Metric: ROCE
Calculated: 20.6750
Source: 14.7000
Difference: 5.9750
Category: DATA_SOURCE_ISSUE
Explanation: Source financial inputs produce a materially different ratio-engine result. The specified formula is retained for analytics; the source ratio is retained for display/reference.
--------------------------------------------------------------------------------
Company: GAIL
Year: Mar 2022
Metric: ROE
Calculated: 19.1908
Source: 14.0000
Difference: 5.1908
Category: DATA_SOURCE_ISSUE
Explanation: Source financial inputs produce a materially different ratio-engine result. The specified formula is retained for analytics; the source ratio is retained for display/reference.
--------------------------------------------------------------------------------
Company: GAIL
Year: Mar 2023
Metric: ROCE
Calculated: 9.0642
Source: 14.7000
Difference: 5.6358
Category: DATA_SOURCE_ISSUE
Explanation: Source financial inputs produce a materially different ratio-engine result. The specified formula is retained for analytics; the source ratio is retained for display/reference.
--------------------------------------------------------------------------------
Company: GAIL
Year: Mar 2023
Metric: ROE
Calculated: 8.6189
Source: 14.0000
Difference: 5.3811
Category: DATA_SOURCE_ISSUE
Explanation: Source financial inputs produce a materially different ratio-engine result. The specified formula is retained for analytics; the source ratio is retained for display/reference.
--------------------------------------------------------------------------------
Company: GODREJCP
Year: Mar 2013
Metric: ROCE
Calculated: 17.2474
Source: 26.4900
Difference: 9.2426
Category: DATA_SOURCE_ISSUE
Explanation: Source financial inputs produce a materially different ratio-engine result. The specified formula is retained for analytics; the source ratio is retained for display/reference.
--------------------------------------------------------------------------------
Company: GODREJCP
Year: Mar 2013
Metric: ROE
Calculated: 25.5056
Source: 6.7700
Difference: 18.7356
Category: DATA_SOURCE_ISSUE
Explanation: Source financial inputs produce a materially different ratio-engine result. The specified formula is retained for analytics; the source ratio is retained for display/reference.
--------------------------------------------------------------------------------
Company: GODREJCP
Year: Mar 2014
Metric: ROCE
Calculated: 19.0143
Source: 26.4900
Difference: 7.4757
Category: DATA_SOURCE_ISSUE
Explanation: Source financial inputs produce a materially different ratio-engine result. The specified formula is retained for analytics; the source ratio is retained for display/reference.
--------------------------------------------------------------------------------
Company: GODREJCP
Year: Mar 2014
Metric: ROE
Calculated: 21.6954
Source: 6.7700
Difference: 14.9254
Category: DATA_SOURCE_ISSUE
Explanation: Source financial inputs produce a materially different ratio-engine result. The specified formula is retained for analytics; the source ratio is retained for display/reference.
--------------------------------------------------------------------------------
Company: GODREJCP
Year: Mar 2015
Metric: ROCE
Calculated: 19.6215
Source: 26.4900
Difference: 6.8685
Category: DATA_SOURCE_ISSUE
Explanation: Source financial inputs produce a materially different ratio-engine result. The specified formula is retained for analytics; the source ratio is retained for display/reference.
--------------------------------------------------------------------------------
Company: GODREJCP
Year: Mar 2015
Metric: ROE
Calculated: 22.6398
Source: 6.7700
Difference: 15.8698
Category: DATA_SOURCE_ISSUE
Explanation: Source financial inputs produce a materially different ratio-engine result. The specified formula is retained for analytics; the source ratio is retained for display/reference.
--------------------------------------------------------------------------------
Company: GODREJCP
Year: Mar 2016
Metric: ROE
Calculated: 19.4750
Source: 6.7700
Difference: 12.7050
Category: DATA_SOURCE_ISSUE
Explanation: Source financial inputs produce a materially different ratio-engine result. The specified formula is retained for analytics; the source ratio is retained for display/reference.
--------------------------------------------------------------------------------
Company: GODREJCP
Year: Mar 2017
Metric: ROCE
Calculated: 20.4988
Source: 26.4900
Difference: 5.9912
Category: DATA_SOURCE_ISSUE
Explanation: Source financial inputs produce a materially different ratio-engine result. The specified formula is retained for analytics; the source ratio is retained for display/reference.
--------------------------------------------------------------------------------
Company: GODREJCP
Year: Mar 2017
Metric: ROE
Calculated: 24.6699
Source: 6.7700
Difference: 17.8999
Category: DATA_SOURCE_ISSUE
Explanation: Source financial inputs produce a materially different ratio-engine result. The specified formula is retained for analytics; the source ratio is retained for display/reference.
--------------------------------------------------------------------------------
Company: GODREJCP
Year: Mar 2018
Metric: ROCE
Calculated: 21.3393
Source: 26.4900
Difference: 5.1507
Category: DATA_SOURCE_ISSUE
Explanation: Source financial inputs produce a materially different ratio-engine result. The specified formula is retained for analytics; the source ratio is retained for display/reference.
--------------------------------------------------------------------------------
Company: GODREJCP
Year: Mar 2018
Metric: ROE
Calculated: 26.1106
Source: 6.7700
Difference: 19.3406
Category: DATA_SOURCE_ISSUE
Explanation: Source financial inputs produce a materially different ratio-engine result. The specified formula is retained for analytics; the source ratio is retained for display/reference.
--------------------------------------------------------------------------------
Company: GODREJCP
Year: Mar 2019
Metric: ROCE
Calculated: 20.0207
Source: 26.4900
Difference: 6.4693
Category: DATA_SOURCE_ISSUE
Explanation: Source financial inputs produce a materially different ratio-engine result. The specified formula is retained for analytics; the source ratio is retained for display/reference.
--------------------------------------------------------------------------------
Company: GODREJCP
Year: Mar 2019
Metric: ROE
Calculated: 32.2279
Source: 6.7700
Difference: 25.4579
Category: DATA_SOURCE_ISSUE
Explanation: Source financial inputs produce a materially different ratio-engine result. The specified formula is retained for analytics; the source ratio is retained for display/reference.
--------------------------------------------------------------------------------
Company: GODREJCP
Year: Mar 2020
Metric: ROCE
Calculated: 18.7745
Source: 26.4900
Difference: 7.7155
Category: DATA_SOURCE_ISSUE
Explanation: Source financial inputs produce a materially different ratio-engine result. The specified formula is retained for analytics; the source ratio is retained for display/reference.
--------------------------------------------------------------------------------
Company: GODREJCP
Year: Mar 2020
Metric: ROE
Calculated: 18.9542
Source: 6.7700
Difference: 12.1842
Category: DATA_SOURCE_ISSUE
Explanation: Source financial inputs produce a materially different ratio-engine result. The specified formula is retained for analytics; the source ratio is retained for display/reference.
--------------------------------------------------------------------------------
Company: GODREJCP
Year: Mar 2021
Metric: ROCE
Calculated: 21.2245
Source: 26.4900
Difference: 5.2655
Category: DATA_SOURCE_ISSUE
Explanation: Source financial inputs produce a materially different ratio-engine result. The specified formula is retained for analytics; the source ratio is retained for display/reference.
--------------------------------------------------------------------------------
Company: GODREJCP
Year: Mar 2021
Metric: ROE
Calculated: 18.2329
Source: 6.7700
Difference: 11.4629
Category: DATA_SOURCE_ISSUE
Explanation: Source financial inputs produce a materially different ratio-engine result. The specified formula is retained for analytics; the source ratio is retained for display/reference.
--------------------------------------------------------------------------------
Company: GODREJCP
Year: Mar 2022
Metric: ROCE
Calculated: 18.1674
Source: 26.4900
Difference: 8.3226
Category: DATA_SOURCE_ISSUE
Explanation: Source financial inputs produce a materially different ratio-engine result. The specified formula is retained for analytics; the source ratio is retained for display/reference.
--------------------------------------------------------------------------------
Company: GODREJCP
Year: Mar 2022
Metric: ROE
Calculated: 15.4292
Source: 6.7700
Difference: 8.6592
Category: DATA_SOURCE_ISSUE
Explanation: Source financial inputs produce a materially different ratio-engine result. The specified formula is retained for analytics; the source ratio is retained for display/reference.
--------------------------------------------------------------------------------
Company: GODREJCP
Year: Mar 2023
Metric: ROCE
Calculated: 16.3696
Source: 26.4900
Difference: 10.1204
Category: DATA_SOURCE_ISSUE
Explanation: Source financial inputs produce a materially different ratio-engine result. The specified formula is retained for analytics; the source ratio is retained for display/reference.
--------------------------------------------------------------------------------
Company: GODREJCP
Year: Mar 2023
Metric: ROE
Calculated: 12.3387
Source: 6.7700
Difference: 5.5687
Category: DATA_SOURCE_ISSUE
Explanation: Source financial inputs produce a materially different ratio-engine result. The specified formula is retained for analytics; the source ratio is retained for display/reference.
--------------------------------------------------------------------------------
Company: GODREJCP
Year: Mar 2024
Metric: ROCE
Calculated: 18.6915
Source: 26.4900
Difference: 7.7985
Category: DATA_SOURCE_ISSUE
Explanation: Source financial inputs produce a materially different ratio-engine result. The specified formula is retained for analytics; the source ratio is retained for display/reference.
--------------------------------------------------------------------------------
Company: GODREJCP
Year: Mar 2024
Metric: ROE
Calculated: -4.4531
Source: 6.7700
Difference: 11.2231
Category: DATA_SOURCE_ISSUE
Explanation: Source financial inputs produce a materially different ratio-engine result. The specified formula is retained for analytics; the source ratio is retained for display/reference.
--------------------------------------------------------------------------------
Company: GODREJCP
Year: Mar 2024
Metric: ROCE
Calculated: 18.4836
Source: 26.4900
Difference: 8.0064
Category: DATA_SOURCE_ISSUE
Explanation: Source financial inputs produce a materially different ratio-engine result. The specified formula is retained for analytics; the source ratio is retained for display/reference.
--------------------------------------------------------------------------------
Company: GODREJCP
Year: Mar 2024
Metric: ROE
Calculated: -4.6097
Source: 6.7700
Difference: 11.3797
Category: DATA_SOURCE_ISSUE
Explanation: Source financial inputs produce a materially different ratio-engine result. The specified formula is retained for analytics; the source ratio is retained for display/reference.
--------------------------------------------------------------------------------
Company: GRASIM
Year: Mar 2013
Metric: ROCE
Calculated: 20.2828
Source: 9.3000
Difference: 10.9828
Category: DATA_SOURCE_ISSUE
Explanation: Source financial inputs produce a materially different ratio-engine result. The specified formula is retained for analytics; the source ratio is retained for display/reference.
--------------------------------------------------------------------------------
Company: GRASIM
Year: Mar 2013
Metric: ROE
Calculated: 19.2196
Source: 6.9000
Difference: 12.3196
Category: DATA_SOURCE_ISSUE
Explanation: Source financial inputs produce a materially different ratio-engine result. The specified formula is retained for analytics; the source ratio is retained for display/reference.
--------------------------------------------------------------------------------
Company: GRASIM
Year: Mar 2014
Metric: ROCE
Calculated: 15.7049
Source: 9.3000
Difference: 6.4049
Category: DATA_SOURCE_ISSUE
Explanation: Source financial inputs produce a materially different ratio-engine result. The specified formula is retained for analytics; the source ratio is retained for display/reference.
--------------------------------------------------------------------------------
Company: GRASIM
Year: Mar 2014
Metric: ROE
Calculated: 13.6664
Source: 6.9000
Difference: 6.7664
Category: DATA_SOURCE_ISSUE
Explanation: Source financial inputs produce a materially different ratio-engine result. The specified formula is retained for analytics; the source ratio is retained for display/reference.
--------------------------------------------------------------------------------
Company: GRASIM
Year: Mar 2015
Metric: ROCE
Calculated: 14.6678
Source: 9.3000
Difference: 5.3678
Category: DATA_SOURCE_ISSUE
Explanation: Source financial inputs produce a materially different ratio-engine result. The specified formula is retained for analytics; the source ratio is retained for display/reference.
--------------------------------------------------------------------------------
Company: GRASIM
Year: Mar 2016
Metric: ROCE
Calculated: 14.8019
Source: 9.3000
Difference: 5.5019
Category: DATA_SOURCE_ISSUE
Explanation: Source financial inputs produce a materially different ratio-engine result. The specified formula is retained for analytics; the source ratio is retained for display/reference.
--------------------------------------------------------------------------------
Company: GRASIM
Year: Mar 2016
Metric: ROE
Calculated: 12.5962
Source: 6.9000
Difference: 5.6962
Category: DATA_SOURCE_ISSUE
Explanation: Source financial inputs produce a materially different ratio-engine result. The specified formula is retained for analytics; the source ratio is retained for display/reference.
--------------------------------------------------------------------------------
Company: GRASIM
Year: Mar 2017
Metric: ROCE
Calculated: 18.1946
Source: 9.3000
Difference: 8.8946
Category: DATA_SOURCE_ISSUE
Explanation: Source financial inputs produce a materially different ratio-engine result. The specified formula is retained for analytics; the source ratio is retained for display/reference.
--------------------------------------------------------------------------------
Company: GRASIM
Year: Mar 2017
Metric: ROE
Calculated: 13.5279
Source: 6.9000
Difference: 6.6279
Category: DATA_SOURCE_ISSUE
Explanation: Source financial inputs produce a materially different ratio-engine result. The specified formula is retained for analytics; the source ratio is retained for display/reference.
--------------------------------------------------------------------------------
Company: GRASIM
Year: Mar 2022
Metric: ROE
Calculated: 14.8034
Source: 6.9000
Difference: 7.9034
Category: DATA_SOURCE_ISSUE
Explanation: Source financial inputs produce a materially different ratio-engine result. The specified formula is retained for analytics; the source ratio is retained for display/reference.
--------------------------------------------------------------------------------
Company: GRASIM
Year: Mar 2023
Metric: ROE
Calculated: 14.0687
Source: 6.9000
Difference: 7.1687
Category: DATA_SOURCE_ISSUE
Explanation: Source financial inputs produce a materially different ratio-engine result. The specified formula is retained for analytics; the source ratio is retained for display/reference.
--------------------------------------------------------------------------------
Company: HAL
Year: Mar 2016
Metric: ROCE
Calculated: 1795.6522
Source: 38.9000
Difference: 1756.7522
Category: DATA_SOURCE_ISSUE
Explanation: Source financial inputs produce a materially different ratio-engine result. The specified formula is retained for analytics; the source ratio is retained for display/reference.
--------------------------------------------------------------------------------
Company: HAL
Year: Mar 2016
Metric: ROE
Calculated: 1665.0000
Source: 28.9000
Difference: 1636.1000
Category: DATA_SOURCE_ISSUE
Explanation: Source financial inputs produce a materially different ratio-engine result. The specified formula is retained for analytics; the source ratio is retained for display/reference.
--------------------------------------------------------------------------------
Company: HAL
Year: Mar 2017
Metric: ROCE
Calculated: 2397.0370
Source: 38.9000
Difference: 2358.1370
Category: DATA_SOURCE_ISSUE
Explanation: Source financial inputs produce a materially different ratio-engine result. The specified formula is retained for analytics; the source ratio is retained for display/reference.
--------------------------------------------------------------------------------
Company: HAL
Year: Mar 2017
Metric: ROE
Calculated: 1966.9173
Source: 28.9000
Difference: 1938.0173
Category: DATA_SOURCE_ISSUE
Explanation: Source financial inputs produce a materially different ratio-engine result. The specified formula is retained for analytics; the source ratio is retained for display/reference.
--------------------------------------------------------------------------------
Company: HAL
Year: Mar 2018
Metric: ROCE
Calculated: 2601.5038
Source: 38.9000
Difference: 2562.6038
Category: DATA_SOURCE_ISSUE
Explanation: Source financial inputs produce a materially different ratio-engine result. The specified formula is retained for analytics; the source ratio is retained for display/reference.
--------------------------------------------------------------------------------
Company: HAL
Year: Mar 2018
Metric: ROE
Calculated: 1528.4615
Source: 28.9000
Difference: 1499.5615
Category: DATA_SOURCE_ISSUE
Explanation: Source financial inputs produce a materially different ratio-engine result. The specified formula is retained for analytics; the source ratio is retained for display/reference.
--------------------------------------------------------------------------------
Company: HAL
Year: Mar 2019
Metric: ROCE
Calculated: 3240.4255
Source: 38.9000
Difference: 3201.5255
Category: DATA_SOURCE_ISSUE
Explanation: Source financial inputs produce a materially different ratio-engine result. The specified formula is retained for analytics; the source ratio is retained for display/reference.
--------------------------------------------------------------------------------
Company: HAL
Year: Mar 2019
Metric: ROE
Calculated: 1763.9098
Source: 28.9000
Difference: 1735.0098
Category: DATA_SOURCE_ISSUE
Explanation: Source financial inputs produce a materially different ratio-engine result. The specified formula is retained for analytics; the source ratio is retained for display/reference.
--------------------------------------------------------------------------------
Company: HAL
Year: Mar 2020
Metric: ROCE
Calculated: 3485.7143
Source: 38.9000
Difference: 3446.8143
Category: DATA_SOURCE_ISSUE
Explanation: Source financial inputs produce a materially different ratio-engine result. The specified formula is retained for analytics; the source ratio is retained for display/reference.
--------------------------------------------------------------------------------
Company: HAL
Year: Mar 2020
Metric: ROE
Calculated: 2059.4203
Source: 28.9000
Difference: 2030.5203
Category: DATA_SOURCE_ISSUE
Explanation: Source financial inputs produce a materially different ratio-engine result. The specified formula is retained for analytics; the source ratio is retained for display/reference.
--------------------------------------------------------------------------------
Company: HAL
Year: Mar 2021
Metric: ROCE
Calculated: 3560.6667
Source: 38.9000
Difference: 3521.7667
Category: DATA_SOURCE_ISSUE
Explanation: Source financial inputs produce a materially different ratio-engine result. The specified formula is retained for analytics; the source ratio is retained for display/reference.
--------------------------------------------------------------------------------
Company: HAL
Year: Mar 2021
Metric: ROE
Calculated: 2249.3056
Source: 28.9000
Difference: 2220.4056
Category: DATA_SOURCE_ISSUE
Explanation: Source financial inputs produce a materially different ratio-engine result. The specified formula is retained for analytics; the source ratio is retained for display/reference.
--------------------------------------------------------------------------------
Company: HAL
Year: Mar 2022
Metric: ROCE
Calculated: 3284.8485
Source: 38.9000
Difference: 3245.9485
Category: DATA_SOURCE_ISSUE
Explanation: Source financial inputs produce a materially different ratio-engine result. The specified formula is retained for analytics; the source ratio is retained for display/reference.
--------------------------------------------------------------------------------
Company: HAL
Year: Mar 2022
Metric: ROE
Calculated: 3324.1830
Source: 28.9000
Difference: 3295.2830
Category: DATA_SOURCE_ISSUE
Explanation: Source financial inputs produce a materially different ratio-engine result. The specified formula is retained for analytics; the source ratio is retained for display/reference.
--------------------------------------------------------------------------------
Company: HAL
Year: Mar 2023
Metric: ROCE
Calculated: 2977.2321
Source: 38.9000
Difference: 2938.3321
Category: DATA_SOURCE_ISSUE
Explanation: Source financial inputs produce a materially different ratio-engine result. The specified formula is retained for analytics; the source ratio is retained for display/reference.
--------------------------------------------------------------------------------
Company: HAL
Year: Mar 2023
Metric: ROE
Calculated: 3283.0508
Source: 28.9000
Difference: 3254.1508
Category: DATA_SOURCE_ISSUE
Explanation: Source financial inputs produce a materially different ratio-engine result. The specified formula is retained for analytics; the source ratio is retained for display/reference.
--------------------------------------------------------------------------------
Company: HAL
Year: Mar 2024
Metric: ROCE
Calculated: 3027.6398
Source: 38.9000
Difference: 2988.7398
Category: DATA_SOURCE_ISSUE
Explanation: Source financial inputs produce a materially different ratio-engine result. The specified formula is retained for analytics; the source ratio is retained for display/reference.
--------------------------------------------------------------------------------
Company: HAL
Year: Mar 2024
Metric: ROE
Calculated: 3816.5829
Source: 28.9000
Difference: 3787.6829
Category: DATA_SOURCE_ISSUE
Explanation: Source financial inputs produce a materially different ratio-engine result. The specified formula is retained for analytics; the source ratio is retained for display/reference.
--------------------------------------------------------------------------------
Company: HAL
Year: Mar 2024
Metric: ROCE
Calculated: 2945.3172
Source: 38.9000
Difference: 2906.4172
Category: DATA_SOURCE_ISSUE
Explanation: Source financial inputs produce a materially different ratio-engine result. The specified formula is retained for analytics; the source ratio is retained for display/reference.
--------------------------------------------------------------------------------
Company: HAL
Year: Mar 2024
Metric: ROE
Calculated: 3669.0821
Source: 28.9000
Difference: 3640.1821
Category: DATA_SOURCE_ISSUE
Explanation: Source financial inputs produce a materially different ratio-engine result. The specified formula is retained for analytics; the source ratio is retained for display/reference.
--------------------------------------------------------------------------------
Company: HAVELLS
Year: Mar 2013
Metric: ROE
Calculated: 40.2913
Source: 18.0000
Difference: 22.2913
Category: DATA_SOURCE_ISSUE
Explanation: Source financial inputs produce a materially different ratio-engine result. The specified formula is retained for analytics; the source ratio is retained for display/reference.
--------------------------------------------------------------------------------
Company: HAVELLS
Year: Mar 2014
Metric: ROE
Calculated: 26.7707
Source: 18.0000
Difference: 8.7707
Category: DATA_SOURCE_ISSUE
Explanation: Source financial inputs produce a materially different ratio-engine result. The specified formula is retained for analytics; the source ratio is retained for display/reference.
--------------------------------------------------------------------------------
Company: HAVELLS
Year: Mar 2015
Metric: ROCE
Calculated: 33.6753
Source: 24.4000
Difference: 9.2753
Category: DATA_SOURCE_ISSUE
Explanation: Source financial inputs produce a materially different ratio-engine result. The specified formula is retained for analytics; the source ratio is retained for display/reference.
--------------------------------------------------------------------------------
Company: HAVELLS
Year: Mar 2016
Metric: ROE
Calculated: 42.9468
Source: 18.0000
Difference: 24.9468
Category: DATA_SOURCE_ISSUE
Explanation: Source financial inputs produce a materially different ratio-engine result. The specified formula is retained for analytics; the source ratio is retained for display/reference.
--------------------------------------------------------------------------------
Company: HCLTECH
Year: Jun 2013
Metric: ROCE
Calculated: 39.9775
Source: 29.6000
Difference: 10.3775
Category: DATA_SOURCE_ISSUE
Explanation: Source financial inputs produce a materially different ratio-engine result. The specified formula is retained for analytics; the source ratio is retained for display/reference.
--------------------------------------------------------------------------------
Company: HCLTECH
Year: Jun 2013
Metric: ROE
Calculated: 30.6898
Source: 23.3000
Difference: 7.3898
Category: DATA_SOURCE_ISSUE
Explanation: Source financial inputs produce a materially different ratio-engine result. The specified formula is retained for analytics; the source ratio is retained for display/reference.
--------------------------------------------------------------------------------
Company: HCLTECH
Year: Jun 2014
Metric: ROCE
Calculated: 39.0655
Source: 29.6000
Difference: 9.4655
Category: DATA_SOURCE_ISSUE
Explanation: Source financial inputs produce a materially different ratio-engine result. The specified formula is retained for analytics; the source ratio is retained for display/reference.
--------------------------------------------------------------------------------
Company: HCLTECH
Year: Jun 2014
Metric: ROE
Calculated: 33.3913
Source: 23.3000
Difference: 10.0913
Category: DATA_SOURCE_ISSUE
Explanation: Source financial inputs produce a materially different ratio-engine result. The specified formula is retained for analytics; the source ratio is retained for display/reference.
--------------------------------------------------------------------------------
Company: HCLTECH
Year: Jun 2015
Metric: ROE
Calculated: 30.3088
Source: 23.3000
Difference: 7.0088
Category: DATA_SOURCE_ISSUE
Explanation: Source financial inputs produce a materially different ratio-engine result. The specified formula is retained for analytics; the source ratio is retained for display/reference.
--------------------------------------------------------------------------------
Company: HCLTECH
Year: Mar 2016 9m
Metric: ROCE
Calculated: 23.3629
Source: 29.6000
Difference: 6.2371
Category: DATA_SOURCE_ISSUE
Explanation: Source financial inputs produce a materially different ratio-engine result. The specified formula is retained for analytics; the source ratio is retained for display/reference.
--------------------------------------------------------------------------------
Company: HDFCBANK
Year: Mar 2023
Metric: ROCE
Calculated: 2.5958
Source: 7.6700
Difference: 5.0742
Category: DATA_SOURCE_ISSUE
Explanation: Source financial inputs produce a materially different ratio-engine result. The specified formula is retained for analytics; the source ratio is retained for display/reference.
--------------------------------------------------------------------------------
Company: HDFCLIFE
Year: Mar 2013
Metric: ROCE
Calculated: 1012.3411
Source: 6.6100
Difference: 1005.7311
Category: DATA_SOURCE_ISSUE
Explanation: Source financial inputs produce a materially different ratio-engine result. The specified formula is retained for analytics; the source ratio is retained for display/reference.
--------------------------------------------------------------------------------
Company: HDFCLIFE
Year: Mar 2013
Metric: ROE
Calculated: 33.4331
Source: 11.4000
Difference: 22.0331
Category: DATA_SOURCE_ISSUE
Explanation: Source financial inputs produce a materially different ratio-engine result. The specified formula is retained for analytics; the source ratio is retained for display/reference.
--------------------------------------------------------------------------------
Company: HDFCLIFE
Year: Mar 2014
Metric: ROCE
Calculated: 858.9730
Source: 6.6100
Difference: 852.3630
Category: DATA_SOURCE_ISSUE
Explanation: Source financial inputs produce a materially different ratio-engine result. The specified formula is retained for analytics; the source ratio is retained for display/reference.
--------------------------------------------------------------------------------
Company: HDFCLIFE
Year: Mar 2014
Metric: ROE
Calculated: 37.6037
Source: 11.4000
Difference: 26.2037
Category: DATA_SOURCE_ISSUE
Explanation: Source financial inputs produce a materially different ratio-engine result. The specified formula is retained for analytics; the source ratio is retained for display/reference.
--------------------------------------------------------------------------------
Company: HDFCLIFE
Year: Mar 2015
Metric: ROCE
Calculated: 1036.6391
Source: 6.6100
Difference: 1030.0291
Category: DATA_SOURCE_ISSUE
Explanation: Source financial inputs produce a materially different ratio-engine result. The specified formula is retained for analytics; the source ratio is retained for display/reference.
--------------------------------------------------------------------------------
Company: HDFCLIFE
Year: Mar 2015
Metric: ROE
Calculated: 30.9327
Source: 11.4000
Difference: 19.5327
Category: DATA_SOURCE_ISSUE
Explanation: Source financial inputs produce a materially different ratio-engine result. The specified formula is retained for analytics; the source ratio is retained for display/reference.
--------------------------------------------------------------------------------
Company: HDFCLIFE
Year: Mar 2016
Metric: ROCE
Calculated: 553.8833
Source: 6.6100
Difference: 547.2733
Category: DATA_SOURCE_ISSUE
Explanation: Source financial inputs produce a materially different ratio-engine result. The specified formula is retained for analytics; the source ratio is retained for display/reference.
--------------------------------------------------------------------------------
Company: HDFCLIFE
Year: Mar 2016
Metric: ROE
Calculated: 26.3294
Source: 11.4000
Difference: 14.9294
Category: DATA_SOURCE_ISSUE
Explanation: Source financial inputs produce a materially different ratio-engine result. The specified formula is retained for analytics; the source ratio is retained for display/reference.
--------------------------------------------------------------------------------
Company: HDFCLIFE
Year: Mar 2017
Metric: ROCE
Calculated: 775.5881
Source: 6.6100
Difference: 768.9781
Category: DATA_SOURCE_ISSUE
Explanation: Source financial inputs produce a materially different ratio-engine result. The specified formula is retained for analytics; the source ratio is retained for display/reference.
--------------------------------------------------------------------------------
Company: HDFCLIFE
Year: Mar 2017
Metric: ROE
Calculated: 23.1835
Source: 11.4000
Difference: 11.7835
Category: DATA_SOURCE_ISSUE
Explanation: Source financial inputs produce a materially different ratio-engine result. The specified formula is retained for analytics; the source ratio is retained for display/reference.
--------------------------------------------------------------------------------
Company: HDFCLIFE
Year: Mar 2018
Metric: ROCE
Calculated: 662.8268
Source: 6.6100
Difference: 656.2168
Category: DATA_SOURCE_ISSUE
Explanation: Source financial inputs produce a materially different ratio-engine result. The specified formula is retained for analytics; the source ratio is retained for display/reference.
--------------------------------------------------------------------------------
Company: HDFCLIFE
Year: Mar 2018
Metric: ROE
Calculated: 23.5282
Source: 11.4000
Difference: 12.1282
Category: DATA_SOURCE_ISSUE
Explanation: Source financial inputs produce a materially different ratio-engine result. The specified formula is retained for analytics; the source ratio is retained for display/reference.
--------------------------------------------------------------------------------
Company: HDFCLIFE
Year: Mar 2019
Metric: ROCE
Calculated: 667.1393
Source: 6.6100
Difference: 660.5293
Category: DATA_SOURCE_ISSUE
Explanation: Source financial inputs produce a materially different ratio-engine result. The specified formula is retained for analytics; the source ratio is retained for display/reference.
--------------------------------------------------------------------------------
Company: HDFCLIFE
Year: Mar 2019
Metric: ROE
Calculated: 22.6515
Source: 11.4000
Difference: 11.2515
Category: DATA_SOURCE_ISSUE
Explanation: Source financial inputs produce a materially different ratio-engine result. The specified formula is retained for analytics; the source ratio is retained for display/reference.
--------------------------------------------------------------------------------
Company: HDFCLIFE
Year: Mar 2020
Metric: ROCE
Calculated: 414.8524
Source: 6.6100
Difference: 408.2424
Category: DATA_SOURCE_ISSUE
Explanation: Source financial inputs produce a materially different ratio-engine result. The specified formula is retained for analytics; the source ratio is retained for display/reference.
--------------------------------------------------------------------------------
Company: HDFCLIFE
Year: Mar 2020
Metric: ROE
Calculated: 19.0539
Source: 11.4000
Difference: 7.6539
Category: DATA_SOURCE_ISSUE
Explanation: Source financial inputs produce a materially different ratio-engine result. The specified formula is retained for analytics; the source ratio is retained for display/reference.
--------------------------------------------------------------------------------
Company: HDFCLIFE
Year: Mar 2021
Metric: ROCE
Calculated: 760.7576
Source: 6.6100
Difference: 754.1476
Category: DATA_SOURCE_ISSUE
Explanation: Source financial inputs produce a materially different ratio-engine result. The specified formula is retained for analytics; the source ratio is retained for display/reference.
--------------------------------------------------------------------------------
Company: HDFCLIFE
Year: Mar 2022
Metric: ROCE
Calculated: 409.2019
Source: 6.6100
Difference: 402.5919
Category: DATA_SOURCE_ISSUE
Explanation: Source financial inputs produce a materially different ratio-engine result. The specified formula is retained for analytics; the source ratio is retained for display/reference.
--------------------------------------------------------------------------------
Company: HDFCLIFE
Year: Mar 2023
Metric: ROCE
Calculated: 502.9549
Source: 6.6100
Difference: 496.3449
Category: DATA_SOURCE_ISSUE
Explanation: Source financial inputs produce a materially different ratio-engine result. The specified formula is retained for analytics; the source ratio is retained for display/reference.
--------------------------------------------------------------------------------
Company: HDFCLIFE
Year: Mar 2024
Metric: ROCE
Calculated: 646.4588
Source: 6.6100
Difference: 639.8488
Category: DATA_SOURCE_ISSUE
Explanation: Source financial inputs produce a materially different ratio-engine result. The specified formula is retained for analytics; the source ratio is retained for display/reference.
--------------------------------------------------------------------------------
Company: HDFCLIFE
Year: Mar 2024
Metric: ROCE
Calculated: 609.8284
Source: 6.6100
Difference: 603.2184
Category: DATA_SOURCE_ISSUE
Explanation: Source financial inputs produce a materially different ratio-engine result. The specified formula is retained for analytics; the source ratio is retained for display/reference.
--------------------------------------------------------------------------------
Company: HEROMOTOCO
Year: Mar 2014
Metric: ROCE
Calculated: 367.7332
Source: 29.1000
Difference: 338.6332
Category: DATA_SOURCE_ISSUE
Explanation: Source financial inputs produce a materially different ratio-engine result. The specified formula is retained for analytics; the source ratio is retained for display/reference.
--------------------------------------------------------------------------------
Company: HEROMOTOCO
Year: Mar 2014
Metric: ROE
Calculated: 37.3822
Source: 22.0000
Difference: 15.3822
Category: DATA_SOURCE_ISSUE
Explanation: Source financial inputs produce a materially different ratio-engine result. The specified formula is retained for analytics; the source ratio is retained for display/reference.
--------------------------------------------------------------------------------
Company: HEROMOTOCO
Year: Mar 2015
Metric: ROCE
Calculated: 361.7169
Source: 29.1000
Difference: 332.6169
Category: DATA_SOURCE_ISSUE
Explanation: Source financial inputs produce a materially different ratio-engine result. The specified formula is retained for analytics; the source ratio is retained for display/reference.
--------------------------------------------------------------------------------
Company: HEROMOTOCO
Year: Mar 2015
Metric: ROE
Calculated: 36.1468
Source: 22.0000
Difference: 14.1468
Category: DATA_SOURCE_ISSUE
Explanation: Source financial inputs produce a materially different ratio-engine result. The specified formula is retained for analytics; the source ratio is retained for display/reference.
--------------------------------------------------------------------------------
Company: HEROMOTOCO
Year: Mar 2016
Metric: ROCE
Calculated: 265.0893
Source: 29.1000
Difference: 235.9893
Category: DATA_SOURCE_ISSUE
Explanation: Source financial inputs produce a materially different ratio-engine result. The specified formula is retained for analytics; the source ratio is retained for display/reference.
--------------------------------------------------------------------------------
Company: HEROMOTOCO
Year: Mar 2016
Metric: ROE
Calculated: 35.2275
Source: 22.0000
Difference: 13.2275
Category: DATA_SOURCE_ISSUE
Explanation: Source financial inputs produce a materially different ratio-engine result. The specified formula is retained for analytics; the source ratio is retained for display/reference.
--------------------------------------------------------------------------------
Company: HEROMOTOCO
Year: Mar 2017
Metric: ROCE
Calculated: 227.1438
Source: 29.1000
Difference: 198.0438
Category: DATA_SOURCE_ISSUE
Explanation: Source financial inputs produce a materially different ratio-engine result. The specified formula is retained for analytics; the source ratio is retained for display/reference.
--------------------------------------------------------------------------------
Company: HEROMOTOCO
Year: Mar 2017
Metric: ROE
Calculated: 34.3738
Source: 22.0000
Difference: 12.3738
Category: DATA_SOURCE_ISSUE
Explanation: Source financial inputs produce a materially different ratio-engine result. The specified formula is retained for analytics; the source ratio is retained for display/reference.
--------------------------------------------------------------------------------
Company: HEROMOTOCO
Year: Mar 2018
Metric: ROCE
Calculated: 222.3279
Source: 29.1000
Difference: 193.2279
Category: DATA_SOURCE_ISSUE
Explanation: Source financial inputs produce a materially different ratio-engine result. The specified formula is retained for analytics; the source ratio is retained for display/reference.
--------------------------------------------------------------------------------
Company: HEROMOTOCO
Year: Mar 2018
Metric: ROE
Calculated: 31.0892
Source: 22.0000
Difference: 9.0892
Category: DATA_SOURCE_ISSUE
Explanation: Source financial inputs produce a materially different ratio-engine result. The specified formula is retained for analytics; the source ratio is retained for display/reference.
--------------------------------------------------------------------------------
Company: HEROMOTOCO
Year: Mar 2019
Metric: ROCE
Calculated: 215.5003
Source: 29.1000
Difference: 186.4003
Category: DATA_SOURCE_ISSUE
Explanation: Source financial inputs produce a materially different ratio-engine result. The specified formula is retained for analytics; the source ratio is retained for display/reference.
--------------------------------------------------------------------------------
Company: HEROMOTOCO
Year: Mar 2020
Metric: ROCE
Calculated: 169.4865
Source: 29.1000
Difference: 140.3865
Category: DATA_SOURCE_ISSUE
Explanation: Source financial inputs produce a materially different ratio-engine result. The specified formula is retained for analytics; the source ratio is retained for display/reference.
--------------------------------------------------------------------------------
Company: HEROMOTOCO
Year: Mar 2021
Metric: ROCE
Calculated: 168.1375
Source: 29.1000
Difference: 139.0375
Category: DATA_SOURCE_ISSUE
Explanation: Source financial inputs produce a materially different ratio-engine result. The specified formula is retained for analytics; the source ratio is retained for display/reference.
--------------------------------------------------------------------------------
Company: HEROMOTOCO
Year: Mar 2022
Metric: ROCE
Calculated: 159.8286
Source: 29.1000
Difference: 130.7286
Category: DATA_SOURCE_ISSUE
Explanation: Source financial inputs produce a materially different ratio-engine result. The specified formula is retained for analytics; the source ratio is retained for display/reference.
--------------------------------------------------------------------------------
Company: HEROMOTOCO
Year: Mar 2022
Metric: ROE
Calculated: 14.6968
Source: 22.0000
Difference: 7.3032
Category: DATA_SOURCE_ISSUE
Explanation: Source financial inputs produce a materially different ratio-engine result. The specified formula is retained for analytics; the source ratio is retained for display/reference.
--------------------------------------------------------------------------------
Company: HEROMOTOCO
Year: Mar 2023
Metric: ROCE
Calculated: 174.5239
Source: 29.1000
Difference: 145.4239
Category: DATA_SOURCE_ISSUE
Explanation: Source financial inputs produce a materially different ratio-engine result. The specified formula is retained for analytics; the source ratio is retained for display/reference.
--------------------------------------------------------------------------------
Company: HEROMOTOCO
Year: Mar 2023
Metric: ROE
Calculated: 16.8108
Source: 22.0000
Difference: 5.1892
Category: DATA_SOURCE_ISSUE
Explanation: Source financial inputs produce a materially different ratio-engine result. The specified formula is retained for analytics; the source ratio is retained for display/reference.
--------------------------------------------------------------------------------
Company: HEROMOTOCO
Year: Mar 2024
Metric: ROCE
Calculated: 177.8421
Source: 29.1000
Difference: 148.7421
Category: DATA_SOURCE_ISSUE
Explanation: Source financial inputs produce a materially different ratio-engine result. The specified formula is retained for analytics; the source ratio is retained for display/reference.
--------------------------------------------------------------------------------
Company: HEROMOTOCO
Year: Mar 2024
Metric: ROCE
Calculated: 166.1003
Source: 29.1000
Difference: 137.0003
Category: DATA_SOURCE_ISSUE
Explanation: Source financial inputs produce a materially different ratio-engine result. The specified formula is retained for analytics; the source ratio is retained for display/reference.
--------------------------------------------------------------------------------
Company: HINDALCO
Year: Mar 2013
Metric: ROCE
Calculated: 78.5579
Source: 11.3000
Difference: 67.2579
Category: DATA_SOURCE_ISSUE
Explanation: Source financial inputs produce a materially different ratio-engine result. The specified formula is retained for analytics; the source ratio is retained for display/reference.
--------------------------------------------------------------------------------
Company: HINDALCO
Year: Mar 2014
Metric: ROCE
Calculated: 75.6179
Source: 11.3000
Difference: 64.3179
Category: DATA_SOURCE_ISSUE
Explanation: Source financial inputs produce a materially different ratio-engine result. The specified formula is retained for analytics; the source ratio is retained for display/reference.
--------------------------------------------------------------------------------
Company: HINDALCO
Year: Mar 2015
Metric: ROCE
Calculated: 89.3630
Source: 11.3000
Difference: 78.0630
Category: DATA_SOURCE_ISSUE
Explanation: Source financial inputs produce a materially different ratio-engine result. The specified formula is retained for analytics; the source ratio is retained for display/reference.
--------------------------------------------------------------------------------
Company: HINDALCO
Year: Mar 2015
Metric: ROE
Calculated: 0.6757
Source: 10.2000
Difference: 9.5243
Category: DATA_SOURCE_ISSUE
Explanation: Source financial inputs produce a materially different ratio-engine result. The specified formula is retained for analytics; the source ratio is retained for display/reference.
--------------------------------------------------------------------------------
Company: HINDALCO
Year: Mar 2016
Metric: ROCE
Calculated: 84.1163
Source: 11.3000
Difference: 72.8163
Category: DATA_SOURCE_ISSUE
Explanation: Source financial inputs produce a materially different ratio-engine result. The specified formula is retained for analytics; the source ratio is retained for display/reference.
--------------------------------------------------------------------------------
Company: HINDALCO
Year: Mar 2016
Metric: ROE
Calculated: -1.7287
Source: 10.2000
Difference: 11.9287
Category: DATA_SOURCE_ISSUE
Explanation: Source financial inputs produce a materially different ratio-engine result. The specified formula is retained for analytics; the source ratio is retained for display/reference.
--------------------------------------------------------------------------------
Company: HINDALCO
Year: Mar 2017
Metric: ROCE
Calculated: 79.9692
Source: 11.3000
Difference: 68.6692
Category: DATA_SOURCE_ISSUE
Explanation: Source financial inputs produce a materially different ratio-engine result. The specified formula is retained for analytics; the source ratio is retained for display/reference.
--------------------------------------------------------------------------------
Company: HINDALCO
Year: Mar 2017
Metric: ROE
Calculated: 4.0861
Source: 10.2000
Difference: 6.1139
Category: DATA_SOURCE_ISSUE
Explanation: Source financial inputs produce a materially different ratio-engine result. The specified formula is retained for analytics; the source ratio is retained for display/reference.
--------------------------------------------------------------------------------
Company: HINDALCO
Year: Mar 2018
Metric: ROCE
Calculated: 94.9142
Source: 11.3000
Difference: 83.6142
Category: DATA_SOURCE_ISSUE
Explanation: Source financial inputs produce a materially different ratio-engine result. The specified formula is retained for analytics; the source ratio is retained for display/reference.
--------------------------------------------------------------------------------
Company: HINDALCO
Year: Mar 2019
Metric: ROCE
Calculated: 104.6536
Source: 11.3000
Difference: 93.3536
Category: DATA_SOURCE_ISSUE
Explanation: Source financial inputs produce a materially different ratio-engine result. The specified formula is retained for analytics; the source ratio is retained for display/reference.
--------------------------------------------------------------------------------
Company: HINDALCO
Year: Mar 2020
Metric: ROCE
Calculated: 81.9455
Source: 11.3000
Difference: 70.6455
Category: DATA_SOURCE_ISSUE
Explanation: Source financial inputs produce a materially different ratio-engine result. The specified formula is retained for analytics; the source ratio is retained for display/reference.
--------------------------------------------------------------------------------
Company: HINDALCO
Year: Mar 2021
Metric: ROCE
Calculated: 85.5764
Source: 11.3000
Difference: 74.2764
Category: DATA_SOURCE_ISSUE
Explanation: Source financial inputs produce a materially different ratio-engine result. The specified formula is retained for analytics; the source ratio is retained for display/reference.
--------------------------------------------------------------------------------
Company: HINDALCO
Year: Mar 2022
Metric: ROCE
Calculated: 116.8457
Source: 11.3000
Difference: 105.5457
Category: DATA_SOURCE_ISSUE
Explanation: Source financial inputs produce a materially different ratio-engine result. The specified formula is retained for analytics; the source ratio is retained for display/reference.
--------------------------------------------------------------------------------
Company: HINDALCO
Year: Mar 2022
Metric: ROE
Calculated: 17.5596
Source: 10.2000
Difference: 7.3596
Category: DATA_SOURCE_ISSUE
Explanation: Source financial inputs produce a materially different ratio-engine result. The specified formula is retained for analytics; the source ratio is retained for display/reference.
--------------------------------------------------------------------------------
Company: HINDALCO
Year: Mar 2023
Metric: ROCE
Calculated: 129.2971
Source: 11.3000
Difference: 117.9971
Category: DATA_SOURCE_ISSUE
Explanation: Source financial inputs produce a materially different ratio-engine result. The specified formula is retained for analytics; the source ratio is retained for display/reference.
--------------------------------------------------------------------------------
Company: HINDALCO
Year: Mar 2024
Metric: ROCE
Calculated: 118.2078
Source: 11.3000
Difference: 106.9078
Category: DATA_SOURCE_ISSUE
Explanation: Source financial inputs produce a materially different ratio-engine result. The specified formula is retained for analytics; the source ratio is retained for display/reference.
--------------------------------------------------------------------------------
Company: HINDALCO
Year: Mar 2024
Metric: ROCE
Calculated: 109.0584
Source: 11.3000
Difference: 97.7584
Category: DATA_SOURCE_ISSUE
Explanation: Source financial inputs produce a materially different ratio-engine result. The specified formula is retained for analytics; the source ratio is retained for display/reference.
--------------------------------------------------------------------------------
Company: HINDUNILVR
Year: Mar 2013
Metric: ROCE
Calculated: 788.3737
Source: 27.2000
Difference: 761.1737
Category: DATA_SOURCE_ISSUE
Explanation: Source financial inputs produce a materially different ratio-engine result. The specified formula is retained for analytics; the source ratio is retained for display/reference.
--------------------------------------------------------------------------------
Company: HINDUNILVR
Year: Mar 2013
Metric: ROE
Calculated: 133.9965
Source: 20.2000
Difference: 113.7965
Category: DATA_SOURCE_ISSUE
Explanation: Source financial inputs produce a materially different ratio-engine result. The specified formula is retained for analytics; the source ratio is retained for display/reference.
--------------------------------------------------------------------------------
Company: HINDUNILVR
Year: Mar 2014
Metric: ROCE
Calculated: 683.0868
Source: 27.2000
Difference: 655.8868
Category: DATA_SOURCE_ISSUE
Explanation: Source financial inputs produce a materially different ratio-engine result. The specified formula is retained for analytics; the source ratio is retained for display/reference.
--------------------------------------------------------------------------------
Company: HINDUNILVR
Year: Mar 2014
Metric: ROE
Calculated: 111.8462
Source: 20.2000
Difference: 91.6462
Category: DATA_SOURCE_ISSUE
Explanation: Source financial inputs produce a materially different ratio-engine result. The specified formula is retained for analytics; the source ratio is retained for display/reference.
--------------------------------------------------------------------------------
Company: HINDUNILVR
Year: Mar 2015
Metric: ROCE
Calculated: 652.5799
Source: 27.2000
Difference: 625.3799
Category: DATA_SOURCE_ISSUE
Explanation: Source financial inputs produce a materially different ratio-engine result. The specified formula is retained for analytics; the source ratio is retained for display/reference.
--------------------------------------------------------------------------------
Company: HINDUNILVR
Year: Mar 2015
Metric: ROE
Calculated: 108.6665
Source: 20.2000
Difference: 88.4665
Category: DATA_SOURCE_ISSUE
Explanation: Source financial inputs produce a materially different ratio-engine result. The specified formula is retained for analytics; the source ratio is retained for display/reference.
--------------------------------------------------------------------------------
Company: HINDUNILVR
Year: Mar 2016
Metric: ROCE
Calculated: 389.2741
Source: 27.2000
Difference: 362.0741
Category: DATA_SOURCE_ISSUE
Explanation: Source financial inputs produce a materially different ratio-engine result. The specified formula is retained for analytics; the source ratio is retained for display/reference.
--------------------------------------------------------------------------------
Company: HINDUNILVR
Year: Mar 2016
Metric: ROE
Calculated: 63.1523
Source: 20.2000
Difference: 42.9523
Category: DATA_SOURCE_ISSUE
Explanation: Source financial inputs produce a materially different ratio-engine result. The specified formula is retained for analytics; the source ratio is retained for display/reference.
--------------------------------------------------------------------------------
Company: HINDUNILVR
Year: Mar 2017
Metric: ROCE
Calculated: 382.1963
Source: 27.2000
Difference: 354.9963
Category: DATA_SOURCE_ISSUE
Explanation: Source financial inputs produce a materially different ratio-engine result. The specified formula is retained for analytics; the source ratio is retained for display/reference.
--------------------------------------------------------------------------------
Company: HINDUNILVR
Year: Mar 2017
Metric: ROE
Calculated: 66.5777
Source: 20.2000
Difference: 46.3777
Category: DATA_SOURCE_ISSUE
Explanation: Source financial inputs produce a materially different ratio-engine result. The specified formula is retained for analytics; the source ratio is retained for display/reference.
--------------------------------------------------------------------------------
Company: HINDUNILVR
Year: Mar 2018
Metric: ROCE
Calculated: 385.1943
Source: 27.2000
Difference: 357.9943
Category: DATA_SOURCE_ISSUE
Explanation: Source financial inputs produce a materially different ratio-engine result. The specified formula is retained for analytics; the source ratio is retained for display/reference.
--------------------------------------------------------------------------------
Company: HINDUNILVR
Year: Mar 2018
Metric: ROE
Calculated: 71.7896
Source: 20.2000
Difference: 51.5896
Category: DATA_SOURCE_ISSUE
Explanation: Source financial inputs produce a materially different ratio-engine result. The specified formula is retained for analytics; the source ratio is retained for display/reference.
--------------------------------------------------------------------------------
Company: HINDUNILVR
Year: Mar 2019
Metric: ROCE
Calculated: 381.9985
Source: 27.2000
Difference: 354.7985
Category: DATA_SOURCE_ISSUE
Explanation: Source financial inputs produce a materially different ratio-engine result. The specified formula is retained for analytics; the source ratio is retained for display/reference.
--------------------------------------------------------------------------------
Company: HINDUNILVR
Year: Mar 2019
Metric: ROE
Calculated: 77.0306
Source: 20.2000
Difference: 56.8306
Category: DATA_SOURCE_ISSUE
Explanation: Source financial inputs produce a materially different ratio-engine result. The specified formula is retained for analytics; the source ratio is retained for display/reference.
--------------------------------------------------------------------------------
Company: HINDUNILVR
Year: Mar 2020
Metric: ROCE
Calculated: 363.6165
Source: 27.2000
Difference: 336.4165
Category: DATA_SOURCE_ISSUE
Explanation: Source financial inputs produce a materially different ratio-engine result. The specified formula is retained for analytics; the source ratio is retained for display/reference.
--------------------------------------------------------------------------------
Company: HINDUNILVR
Year: Mar 2020
Metric: ROE
Calculated: 82.0999
Source: 20.2000
Difference: 61.8999
Category: DATA_SOURCE_ISSUE
Explanation: Source financial inputs produce a materially different ratio-engine result. The specified formula is retained for analytics; the source ratio is retained for display/reference.
--------------------------------------------------------------------------------
Company: HINDUNILVR
Year: Mar 2021
Metric: ROCE
Calculated: 74.2585
Source: 27.2000
Difference: 47.0585
Category: DATA_SOURCE_ISSUE
Explanation: Source financial inputs produce a materially different ratio-engine result. The specified formula is retained for analytics; the source ratio is retained for display/reference.
--------------------------------------------------------------------------------
Company: HINDUNILVR
Year: Mar 2022
Metric: ROCE
Calculated: 79.0137
Source: 27.2000
Difference: 51.8137
Category: DATA_SOURCE_ISSUE
Explanation: Source financial inputs produce a materially different ratio-engine result. The specified formula is retained for analytics; the source ratio is retained for display/reference.
--------------------------------------------------------------------------------
Company: HINDUNILVR
Year: Mar 2023
Metric: ROCE
Calculated: 90.1209
Source: 27.2000
Difference: 62.9209
Category: DATA_SOURCE_ISSUE
Explanation: Source financial inputs produce a materially different ratio-engine result. The specified formula is retained for analytics; the source ratio is retained for display/reference.
--------------------------------------------------------------------------------
Company: HINDUNILVR
Year: Mar 2024
Metric: ROCE
Calculated: 89.6304
Source: 27.2000
Difference: 62.4304
Category: DATA_SOURCE_ISSUE
Explanation: Source financial inputs produce a materially different ratio-engine result. The specified formula is retained for analytics; the source ratio is retained for display/reference.
--------------------------------------------------------------------------------
Company: HINDUNILVR
Year: Mar 2024
Metric: ROCE
Calculated: 90.1005
Source: 27.2000
Difference: 62.9005
Category: DATA_SOURCE_ISSUE
Explanation: Source financial inputs produce a materially different ratio-engine result. The specified formula is retained for analytics; the source ratio is retained for display/reference.
--------------------------------------------------------------------------------
Company: ICICIBANK
Year: Mar 2016
Metric: ROE
Calculated: 11.6108
Source: 18.8000
Difference: 7.1892
Category: DATA_SOURCE_ISSUE
Explanation: Source financial inputs produce a materially different ratio-engine result. The specified formula is retained for analytics; the source ratio is retained for display/reference.
--------------------------------------------------------------------------------
Company: ICICIBANK
Year: Mar 2017
Metric: ROE
Calculated: 10.8380
Source: 18.8000
Difference: 7.9620
Category: DATA_SOURCE_ISSUE
Explanation: Source financial inputs produce a materially different ratio-engine result. The specified formula is retained for analytics; the source ratio is retained for display/reference.
--------------------------------------------------------------------------------
Company: ICICIBANK
Year: Mar 2018
Metric: ROE
Calculated: 8.2256
Source: 18.8000
Difference: 10.5744
Category: DATA_SOURCE_ISSUE
Explanation: Source financial inputs produce a materially different ratio-engine result. The specified formula is retained for analytics; the source ratio is retained for display/reference.
--------------------------------------------------------------------------------
Company: ICICIBANK
Year: Mar 2019
Metric: ROE
Calculated: 4.9793
Source: 18.8000
Difference: 13.8207
Category: DATA_SOURCE_ISSUE
Explanation: Source financial inputs produce a materially different ratio-engine result. The specified formula is retained for analytics; the source ratio is retained for display/reference.
--------------------------------------------------------------------------------
Company: ICICIBANK
Year: Mar 2020
Metric: ROE
Calculated: 9.1290
Source: 18.8000
Difference: 9.6710
Category: DATA_SOURCE_ISSUE
Explanation: Source financial inputs produce a materially different ratio-engine result. The specified formula is retained for analytics; the source ratio is retained for display/reference.
--------------------------------------------------------------------------------
Company: ICICIBANK
Year: Mar 2021
Metric: ROE
Calculated: 12.9224
Source: 18.8000
Difference: 5.8776
Category: DATA_SOURCE_ISSUE
Explanation: Source financial inputs produce a materially different ratio-engine result. The specified formula is retained for analytics; the source ratio is retained for display/reference.
--------------------------------------------------------------------------------
Company: ICICIGI
Year: Mar 2013
Metric: ROCE
Calculated: 224.1176
Source: 22.5000
Difference: 201.6176
Category: DATA_SOURCE_ISSUE
Explanation: Source financial inputs produce a materially different ratio-engine result. The specified formula is retained for analytics; the source ratio is retained for display/reference.
--------------------------------------------------------------------------------
Company: ICICIGI
Year: Mar 2014
Metric: ROCE
Calculated: 191.2281
Source: 22.5000
Difference: 168.7281
Category: DATA_SOURCE_ISSUE
Explanation: Source financial inputs produce a materially different ratio-engine result. The specified formula is retained for analytics; the source ratio is retained for display/reference.
--------------------------------------------------------------------------------
Company: ICICIGI
Year: Mar 2015
Metric: ROCE
Calculated: 154.4006
Source: 22.5000
Difference: 131.9006
Category: DATA_SOURCE_ISSUE
Explanation: Source financial inputs produce a materially different ratio-engine result. The specified formula is retained for analytics; the source ratio is retained for display/reference.
--------------------------------------------------------------------------------
Company: ICICIGI
Year: Mar 2016
Metric: ROCE
Calculated: 162.7742
Source: 22.5000
Difference: 140.2742
Category: DATA_SOURCE_ISSUE
Explanation: Source financial inputs produce a materially different ratio-engine result. The specified formula is retained for analytics; the source ratio is retained for display/reference.
--------------------------------------------------------------------------------
Company: ICICIGI
Year: Mar 2017
Metric: ROCE
Calculated: 150.5016
Source: 22.5000
Difference: 128.0016
Category: DATA_SOURCE_ISSUE
Explanation: Source financial inputs produce a materially different ratio-engine result. The specified formula is retained for analytics; the source ratio is retained for display/reference.
--------------------------------------------------------------------------------
Company: ICICIGI
Year: Mar 2018
Metric: ROCE
Calculated: 142.7378
Source: 22.5000
Difference: 120.2378
Category: DATA_SOURCE_ISSUE
Explanation: Source financial inputs produce a materially different ratio-engine result. The specified formula is retained for analytics; the source ratio is retained for display/reference.
--------------------------------------------------------------------------------
Company: ICICIGI
Year: Mar 2019
Metric: ROCE
Calculated: 161.3254
Source: 22.5000
Difference: 138.8254
Category: DATA_SOURCE_ISSUE
Explanation: Source financial inputs produce a materially different ratio-engine result. The specified formula is retained for analytics; the source ratio is retained for display/reference.
--------------------------------------------------------------------------------
Company: ICICIGI
Year: Mar 2020
Metric: ROCE
Calculated: 147.2277
Source: 22.5000
Difference: 124.7277
Category: DATA_SOURCE_ISSUE
Explanation: Source financial inputs produce a materially different ratio-engine result. The specified formula is retained for analytics; the source ratio is retained for display/reference.
--------------------------------------------------------------------------------
Company: ICICIGI
Year: Mar 2021
Metric: ROCE
Calculated: 124.8144
Source: 22.5000
Difference: 102.3144
Category: DATA_SOURCE_ISSUE
Explanation: Source financial inputs produce a materially different ratio-engine result. The specified formula is retained for analytics; the source ratio is retained for display/reference.
--------------------------------------------------------------------------------
Company: ICICIGI
Year: Mar 2022
Metric: ROCE
Calculated: 158.8696
Source: 22.5000
Difference: 136.3696
Category: DATA_SOURCE_ISSUE
Explanation: Source financial inputs produce a materially different ratio-engine result. The specified formula is retained for analytics; the source ratio is retained for display/reference.
--------------------------------------------------------------------------------
Company: ICICIGI
Year: Mar 2023
Metric: ROCE
Calculated: 158.5266
Source: 22.5000
Difference: 136.0266
Category: DATA_SOURCE_ISSUE
Explanation: Source financial inputs produce a materially different ratio-engine result. The specified formula is retained for analytics; the source ratio is retained for display/reference.
--------------------------------------------------------------------------------
Company: ICICIGI
Year: Mar 2024
Metric: ROCE
Calculated: 146.3235
Source: 22.5000
Difference: 123.8235
Category: DATA_SOURCE_ISSUE
Explanation: Source financial inputs produce a materially different ratio-engine result. The specified formula is retained for analytics; the source ratio is retained for display/reference.
--------------------------------------------------------------------------------
Company: ICICIGI
Year: Mar 2024
Metric: ROCE
Calculated: 131.4495
Source: 22.5000
Difference: 108.9495
Category: DATA_SOURCE_ISSUE
Explanation: Source financial inputs produce a materially different ratio-engine result. The specified formula is retained for analytics; the source ratio is retained for display/reference.
--------------------------------------------------------------------------------
Company: ICICIPRULI
Year: Mar 2013
Metric: ROCE
Calculated: 486.7458
Source: 8.7500
Difference: 477.9958
Category: DATA_SOURCE_ISSUE
Explanation: Source financial inputs produce a materially different ratio-engine result. The specified formula is retained for analytics; the source ratio is retained for display/reference.
--------------------------------------------------------------------------------
Company: ICICIPRULI
Year: Mar 2013
Metric: ROE
Calculated: 38.2479
Source: 8.0700
Difference: 30.1779
Category: DATA_SOURCE_ISSUE
Explanation: Source financial inputs produce a materially different ratio-engine result. The specified formula is retained for analytics; the source ratio is retained for display/reference.
--------------------------------------------------------------------------------
Company: ICICIPRULI
Year: Mar 2014
Metric: ROCE
Calculated: 465.0696
Source: 8.7500
Difference: 456.3196
Category: DATA_SOURCE_ISSUE
Explanation: Source financial inputs produce a materially different ratio-engine result. The specified formula is retained for analytics; the source ratio is retained for display/reference.
--------------------------------------------------------------------------------
Company: ICICIPRULI
Year: Mar 2014
Metric: ROE
Calculated: 35.6149
Source: 8.0700
Difference: 27.5449
Category: DATA_SOURCE_ISSUE
Explanation: Source financial inputs produce a materially different ratio-engine result. The specified formula is retained for analytics; the source ratio is retained for display/reference.
--------------------------------------------------------------------------------
Company: ICICIPRULI
Year: Mar 2015
Metric: ROCE
Calculated: 622.9440
Source: 8.7500
Difference: 614.1940
Category: DATA_SOURCE_ISSUE
Explanation: Source financial inputs produce a materially different ratio-engine result. The specified formula is retained for analytics; the source ratio is retained for display/reference.
--------------------------------------------------------------------------------
Company: ICICIPRULI
Year: Mar 2015
Metric: ROE
Calculated: 31.1491
Source: 8.0700
Difference: 23.0791
Category: DATA_SOURCE_ISSUE
Explanation: Source financial inputs produce a materially different ratio-engine result. The specified formula is retained for analytics; the source ratio is retained for display/reference.
--------------------------------------------------------------------------------
Company: ICICIPRULI
Year: Mar 2016
Metric: ROCE
Calculated: 299.2443
Source: 8.7500
Difference: 290.4943
Category: DATA_SOURCE_ISSUE
Explanation: Source financial inputs produce a materially different ratio-engine result. The specified formula is retained for analytics; the source ratio is retained for display/reference.
--------------------------------------------------------------------------------
Company: ICICIPRULI
Year: Mar 2016
Metric: ROE
Calculated: 30.9976
Source: 8.0700
Difference: 22.9276
Category: DATA_SOURCE_ISSUE
Explanation: Source financial inputs produce a materially different ratio-engine result. The specified formula is retained for analytics; the source ratio is retained for display/reference.
--------------------------------------------------------------------------------
Company: ICICIPRULI
Year: Mar 2017
Metric: ROCE
Calculated: 562.1293
Source: 8.7500
Difference: 553.3793
Category: DATA_SOURCE_ISSUE
Explanation: Source financial inputs produce a materially different ratio-engine result. The specified formula is retained for analytics; the source ratio is retained for display/reference.
--------------------------------------------------------------------------------
Company: ICICIPRULI
Year: Mar 2017
Metric: ROE
Calculated: 26.2566
Source: 8.0700
Difference: 18.1866
Category: DATA_SOURCE_ISSUE
Explanation: Source financial inputs produce a materially different ratio-engine result. The specified formula is retained for analytics; the source ratio is retained for display/reference.
--------------------------------------------------------------------------------
Company: ICICIPRULI
Year: Mar 2018
Metric: ROCE
Calculated: 563.7664
Source: 8.7500
Difference: 555.0164
Category: DATA_SOURCE_ISSUE
Explanation: Source financial inputs produce a materially different ratio-engine result. The specified formula is retained for analytics; the source ratio is retained for display/reference.
--------------------------------------------------------------------------------
Company: ICICIPRULI
Year: Mar 2018
Metric: ROE
Calculated: 24.6273
Source: 8.0700
Difference: 16.5573
Category: DATA_SOURCE_ISSUE
Explanation: Source financial inputs produce a materially different ratio-engine result. The specified formula is retained for analytics; the source ratio is retained for display/reference.
--------------------------------------------------------------------------------
Company: ICICIPRULI
Year: Mar 2019
Metric: ROCE
Calculated: 595.5756
Source: 8.7500
Difference: 586.8256
Category: DATA_SOURCE_ISSUE
Explanation: Source financial inputs produce a materially different ratio-engine result. The specified formula is retained for analytics; the source ratio is retained for display/reference.
--------------------------------------------------------------------------------
Company: ICICIPRULI
Year: Mar 2019
Metric: ROE
Calculated: 16.5769
Source: 8.0700
Difference: 8.5069
Category: DATA_SOURCE_ISSUE
Explanation: Source financial inputs produce a materially different ratio-engine result. The specified formula is retained for analytics; the source ratio is retained for display/reference.
--------------------------------------------------------------------------------
Company: ICICIPRULI
Year: Mar 2020
Metric: ROCE
Calculated: 295.9102
Source: 8.7500
Difference: 287.1602
Category: DATA_SOURCE_ISSUE
Explanation: Source financial inputs produce a materially different ratio-engine result. The specified formula is retained for analytics; the source ratio is retained for display/reference.
--------------------------------------------------------------------------------
Company: ICICIPRULI
Year: Mar 2020
Metric: ROE
Calculated: 14.7927
Source: 8.0700
Difference: 6.7227
Category: DATA_SOURCE_ISSUE
Explanation: Source financial inputs produce a materially different ratio-engine result. The specified formula is retained for analytics; the source ratio is retained for display/reference.
--------------------------------------------------------------------------------
Company: ICICIPRULI
Year: Mar 2021
Metric: ROCE
Calculated: 810.6703
Source: 8.7500
Difference: 801.9203
Category: DATA_SOURCE_ISSUE
Explanation: Source financial inputs produce a materially different ratio-engine result. The specified formula is retained for analytics; the source ratio is retained for display/reference.
--------------------------------------------------------------------------------
Company: ICICIPRULI
Year: Mar 2022
Metric: ROCE
Calculated: 634.5627
Source: 8.7500
Difference: 625.8127
Category: DATA_SOURCE_ISSUE
Explanation: Source financial inputs produce a materially different ratio-engine result. The specified formula is retained for analytics; the source ratio is retained for display/reference.
--------------------------------------------------------------------------------
Company: ICICIPRULI
Year: Mar 2023
Metric: ROCE
Calculated: 462.6661
Source: 8.7500
Difference: 453.9161
Category: DATA_SOURCE_ISSUE
Explanation: Source financial inputs produce a materially different ratio-engine result. The specified formula is retained for analytics; the source ratio is retained for display/reference.
--------------------------------------------------------------------------------
Company: ICICIPRULI
Year: Mar 2024
Metric: ROCE
Calculated: 754.9037
Source: 8.7500
Difference: 746.1537
Category: DATA_SOURCE_ISSUE
Explanation: Source financial inputs produce a materially different ratio-engine result. The specified formula is retained for analytics; the source ratio is retained for display/reference.
--------------------------------------------------------------------------------
Company: ICICIPRULI
Year: Mar 2024
Metric: ROCE
Calculated: 796.0601
Source: 8.7500
Difference: 787.3101
Category: DATA_SOURCE_ISSUE
Explanation: Source financial inputs produce a materially different ratio-engine result. The specified formula is retained for analytics; the source ratio is retained for display/reference.
--------------------------------------------------------------------------------
Company: INDUSINDBK
Year: Mar 2013
Metric: ROCE
Calculated: 2.7343
Source: 7.9300
Difference: 5.1957
Category: DATA_SOURCE_ISSUE
Explanation: Source financial inputs produce a materially different ratio-engine result. The specified formula is retained for analytics; the source ratio is retained for display/reference.
--------------------------------------------------------------------------------
Company: INDUSINDBK
Year: Mar 2021
Metric: ROE
Calculated: 6.5398
Source: 15.2000
Difference: 8.6602
Category: DATA_SOURCE_ISSUE
Explanation: Source financial inputs produce a materially different ratio-engine result. The specified formula is retained for analytics; the source ratio is retained for display/reference.
--------------------------------------------------------------------------------
Company: INDUSINDBK
Year: Mar 2022
Metric: ROE
Calculated: 9.6671
Source: 15.2000
Difference: 5.5329
Category: DATA_SOURCE_ISSUE
Explanation: Source financial inputs produce a materially different ratio-engine result. The specified formula is retained for analytics; the source ratio is retained for display/reference.
--------------------------------------------------------------------------------
Company: INFY
Year: Mar 2013
Metric: ROCE
Calculated: 30.3680
Source: 40.0000
Difference: 9.6320
Category: DATA_SOURCE_ISSUE
Explanation: Source financial inputs produce a materially different ratio-engine result. The specified formula is retained for analytics; the source ratio is retained for display/reference.
--------------------------------------------------------------------------------
Company: INFY
Year: Mar 2013
Metric: ROE
Calculated: 24.8171
Source: 31.8000
Difference: 6.9829
Category: DATA_SOURCE_ISSUE
Explanation: Source financial inputs produce a materially different ratio-engine result. The specified formula is retained for analytics; the source ratio is retained for display/reference.
--------------------------------------------------------------------------------
Company: INFY
Year: Mar 2014
Metric: ROCE
Calculated: 30.0696
Source: 40.0000
Difference: 9.9304
Category: DATA_SOURCE_ISSUE
Explanation: Source financial inputs produce a materially different ratio-engine result. The specified formula is retained for analytics; the source ratio is retained for display/reference.
--------------------------------------------------------------------------------
Company: INFY
Year: Mar 2014
Metric: ROE
Calculated: 23.9299
Source: 31.8000
Difference: 7.8701
Category: DATA_SOURCE_ISSUE
Explanation: Source financial inputs produce a materially different ratio-engine result. The specified formula is retained for analytics; the source ratio is retained for display/reference.
--------------------------------------------------------------------------------
Company: INFY
Year: Mar 2015
Metric: ROCE
Calculated: 29.3342
Source: 40.0000
Difference: 10.6658
Category: DATA_SOURCE_ISSUE
Explanation: Source financial inputs produce a materially different ratio-engine result. The specified formula is retained for analytics; the source ratio is retained for display/reference.
--------------------------------------------------------------------------------
Company: INFY
Year: Mar 2015
Metric: ROE
Calculated: 24.3851
Source: 31.8000
Difference: 7.4149
Category: DATA_SOURCE_ISSUE
Explanation: Source financial inputs produce a materially different ratio-engine result. The specified formula is retained for analytics; the source ratio is retained for display/reference.
--------------------------------------------------------------------------------
Company: INFY
Year: Mar 2016
Metric: ROCE
Calculated: 27.6610
Source: 40.0000
Difference: 12.3390
Category: DATA_SOURCE_ISSUE
Explanation: Source financial inputs produce a materially different ratio-engine result. The specified formula is retained for analytics; the source ratio is retained for display/reference.
--------------------------------------------------------------------------------
Company: INFY
Year: Mar 2016
Metric: ROE
Calculated: 21.8467
Source: 31.8000
Difference: 9.9533
Category: DATA_SOURCE_ISSUE
Explanation: Source financial inputs produce a materially different ratio-engine result. The specified formula is retained for analytics; the source ratio is retained for display/reference.
--------------------------------------------------------------------------------
Company: INFY
Year: Mar 2017
Metric: ROCE
Calculated: 26.9694
Source: 40.0000
Difference: 13.0306
Category: DATA_SOURCE_ISSUE
Explanation: Source financial inputs produce a materially different ratio-engine result. The specified formula is retained for analytics; the source ratio is retained for display/reference.
--------------------------------------------------------------------------------
Company: INFY
Year: Mar 2017
Metric: ROE
Calculated: 20.8069
Source: 31.8000
Difference: 10.9931
Category: DATA_SOURCE_ISSUE
Explanation: Source financial inputs produce a materially different ratio-engine result. The specified formula is retained for analytics; the source ratio is retained for display/reference.
--------------------------------------------------------------------------------
Company: INFY
Year: Mar 2018
Metric: ROCE
Calculated: 28.9913
Source: 40.0000
Difference: 11.0087
Category: DATA_SOURCE_ISSUE
Explanation: Source financial inputs produce a materially different ratio-engine result. The specified formula is retained for analytics; the source ratio is retained for display/reference.
--------------------------------------------------------------------------------
Company: INFY
Year: Mar 2018
Metric: ROE
Calculated: 24.6892
Source: 31.8000
Difference: 7.1108
Category: DATA_SOURCE_ISSUE
Explanation: Source financial inputs produce a materially different ratio-engine result. The specified formula is retained for analytics; the source ratio is retained for display/reference.
--------------------------------------------------------------------------------
Company: INFY
Year: Mar 2019
Metric: ROCE
Calculated: 31.0556
Source: 40.0000
Difference: 8.9444
Category: DATA_SOURCE_ISSUE
Explanation: Source financial inputs produce a materially different ratio-engine result. The specified formula is retained for analytics; the source ratio is retained for display/reference.
--------------------------------------------------------------------------------
Company: INFY
Year: Mar 2019
Metric: ROE
Calculated: 23.7267
Source: 31.8000
Difference: 8.0733
Category: DATA_SOURCE_ISSUE
Explanation: Source financial inputs produce a materially different ratio-engine result. The specified formula is retained for analytics; the source ratio is retained for display/reference.
--------------------------------------------------------------------------------
Company: INFY
Year: Mar 2020
Metric: ROCE
Calculated: 31.7723
Source: 40.0000
Difference: 8.2277
Category: DATA_SOURCE_ISSUE
Explanation: Source financial inputs produce a materially different ratio-engine result. The specified formula is retained for analytics; the source ratio is retained for display/reference.
--------------------------------------------------------------------------------
Company: INFY
Year: Mar 2020
Metric: ROE
Calculated: 25.4225
Source: 31.8000
Difference: 6.3775
Category: DATA_SOURCE_ISSUE
Explanation: Source financial inputs produce a materially different ratio-engine result. The specified formula is retained for analytics; the source ratio is retained for display/reference.
--------------------------------------------------------------------------------
Company: INFY
Year: Mar 2021
Metric: ROCE
Calculated: 34.1459
Source: 40.0000
Difference: 5.8541
Category: DATA_SOURCE_ISSUE
Explanation: Source financial inputs produce a materially different ratio-engine result. The specified formula is retained for analytics; the source ratio is retained for display/reference.
--------------------------------------------------------------------------------
Company: INFY
Year: Mar 2021
Metric: ROE
Calculated: 25.4391
Source: 31.8000
Difference: 6.3609
Category: DATA_SOURCE_ISSUE
Explanation: Source financial inputs produce a materially different ratio-engine result. The specified formula is retained for analytics; the source ratio is retained for display/reference.
--------------------------------------------------------------------------------
Company: IOC
Year: Mar 2013
Metric: ROCE
Calculated: 9.0768
Source: 21.3100
Difference: 12.2332
Category: DATA_SOURCE_ISSUE
Explanation: Source financial inputs produce a materially different ratio-engine result. The specified formula is retained for analytics; the source ratio is retained for display/reference.
--------------------------------------------------------------------------------
Company: IOC
Year: Mar 2013
Metric: ROE
Calculated: 5.7538
Source: 25.4400
Difference: 19.6862
Category: DATA_SOURCE_ISSUE
Explanation: Source financial inputs produce a materially different ratio-engine result. The specified formula is retained for analytics; the source ratio is retained for display/reference.
--------------------------------------------------------------------------------
Company: IOC
Year: Mar 2014
Metric: ROCE
Calculated: 10.5767
Source: 21.3100
Difference: 10.7333
Category: DATA_SOURCE_ISSUE
Explanation: Source financial inputs produce a materially different ratio-engine result. The specified formula is retained for analytics; the source ratio is retained for display/reference.
--------------------------------------------------------------------------------
Company: IOC
Year: Mar 2014
Metric: ROE
Calculated: 10.2587
Source: 25.4400
Difference: 15.1813
Category: DATA_SOURCE_ISSUE
Explanation: Source financial inputs produce a materially different ratio-engine result. The specified formula is retained for analytics; the source ratio is retained for display/reference.
--------------------------------------------------------------------------------
Company: IOC
Year: Mar 2015
Metric: ROCE
Calculated: 7.9080
Source: 21.3100
Difference: 13.4020
Category: DATA_SOURCE_ISSUE
Explanation: Source financial inputs produce a materially different ratio-engine result. The specified formula is retained for analytics; the source ratio is retained for display/reference.
--------------------------------------------------------------------------------
Company: IOC
Year: Mar 2015
Metric: ROE
Calculated: 7.0781
Source: 25.4400
Difference: 18.3619
Category: DATA_SOURCE_ISSUE
Explanation: Source financial inputs produce a materially different ratio-engine result. The specified formula is retained for analytics; the source ratio is retained for display/reference.
--------------------------------------------------------------------------------
Company: IOC
Year: Mar 2016
Metric: ROCE
Calculated: 14.8372
Source: 21.3100
Difference: 6.4728
Category: DATA_SOURCE_ISSUE
Explanation: Source financial inputs produce a materially different ratio-engine result. The specified formula is retained for analytics; the source ratio is retained for display/reference.
--------------------------------------------------------------------------------
Company: IOC
Year: Mar 2016
Metric: ROE
Calculated: 13.7953
Source: 25.4400
Difference: 11.6447
Category: DATA_SOURCE_ISSUE
Explanation: Source financial inputs produce a materially different ratio-engine result. The specified formula is retained for analytics; the source ratio is retained for display/reference.
--------------------------------------------------------------------------------
Company: IOC
Year: Mar 2017
Metric: ROE
Calculated: 19.9665
Source: 25.4400
Difference: 5.4735
Category: DATA_SOURCE_ISSUE
Explanation: Source financial inputs produce a materially different ratio-engine result. The specified formula is retained for analytics; the source ratio is retained for display/reference.
--------------------------------------------------------------------------------
Company: IOC
Year: Mar 2018
Metric: ROE
Calculated: 19.8693
Source: 25.4400
Difference: 5.5707
Category: DATA_SOURCE_ISSUE
Explanation: Source financial inputs produce a materially different ratio-engine result. The specified formula is retained for analytics; the source ratio is retained for display/reference.
--------------------------------------------------------------------------------
Company: IOC
Year: Mar 2019
Metric: ROE
Calculated: 15.3589
Source: 25.4400
Difference: 10.0811
Category: DATA_SOURCE_ISSUE
Explanation: Source financial inputs produce a materially different ratio-engine result. The specified formula is retained for analytics; the source ratio is retained for display/reference.
--------------------------------------------------------------------------------
Company: IOC
Year: Mar 2020
Metric: ROCE
Calculated: 7.1287
Source: 21.3100
Difference: 14.1813
Category: DATA_SOURCE_ISSUE
Explanation: Source financial inputs produce a materially different ratio-engine result. The specified formula is retained for analytics; the source ratio is retained for display/reference.
--------------------------------------------------------------------------------
Company: IOC
Year: Mar 2020
Metric: ROE
Calculated: -1.9665
Source: 25.4400
Difference: 27.4065
Category: DATA_SOURCE_ISSUE
Explanation: Source financial inputs produce a materially different ratio-engine result. The specified formula is retained for analytics; the source ratio is retained for display/reference.
--------------------------------------------------------------------------------
Company: IOC
Year: Mar 2021
Metric: ROE
Calculated: 19.4585
Source: 25.4400
Difference: 5.9815
Category: DATA_SOURCE_ISSUE
Explanation: Source financial inputs produce a materially different ratio-engine result. The specified formula is retained for analytics; the source ratio is retained for display/reference.
--------------------------------------------------------------------------------
Company: IOC
Year: Mar 2022
Metric: ROE
Calculated: 19.2661
Source: 25.4400
Difference: 6.1739
Category: DATA_SOURCE_ISSUE
Explanation: Source financial inputs produce a materially different ratio-engine result. The specified formula is retained for analytics; the source ratio is retained for display/reference.
--------------------------------------------------------------------------------
Company: IOC
Year: Mar 2023
Metric: ROCE
Calculated: 10.6281
Source: 21.3100
Difference: 10.6819
Category: DATA_SOURCE_ISSUE
Explanation: Source financial inputs produce a materially different ratio-engine result. The specified formula is retained for analytics; the source ratio is retained for display/reference.
--------------------------------------------------------------------------------
Company: IOC
Year: Mar 2023
Metric: ROE
Calculated: 8.3767
Source: 25.4400
Difference: 17.0633
Category: DATA_SOURCE_ISSUE
Explanation: Source financial inputs produce a materially different ratio-engine result. The specified formula is retained for analytics; the source ratio is retained for display/reference.
--------------------------------------------------------------------------------
Company: IRCTC
Year: Mar 2015
Metric: ROCE
Calculated: 34.2342
Source: 53.8000
Difference: 19.5658
Category: DATA_SOURCE_ISSUE
Explanation: Source financial inputs produce a materially different ratio-engine result. The specified formula is retained for analytics; the source ratio is retained for display/reference.
--------------------------------------------------------------------------------
Company: IRCTC
Year: Mar 2015
Metric: ROE
Calculated: 29.5045
Source: 40.4000
Difference: 10.8955
Category: DATA_SOURCE_ISSUE
Explanation: Source financial inputs produce a materially different ratio-engine result. The specified formula is retained for analytics; the source ratio is retained for display/reference.
--------------------------------------------------------------------------------
Company: IRCTC
Year: Mar 2016
Metric: ROCE
Calculated: 35.0554
Source: 53.8000
Difference: 18.7446
Category: DATA_SOURCE_ISSUE
Explanation: Source financial inputs produce a materially different ratio-engine result. The specified formula is retained for analytics; the source ratio is retained for display/reference.
--------------------------------------------------------------------------------
Company: IRCTC
Year: Mar 2016
Metric: ROE
Calculated: 34.8708
Source: 40.4000
Difference: 5.5292
Category: DATA_SOURCE_ISSUE
Explanation: Source financial inputs produce a materially different ratio-engine result. The specified formula is retained for analytics; the source ratio is retained for display/reference.
--------------------------------------------------------------------------------
Company: IRCTC
Year: Mar 2017
Metric: ROCE
Calculated: 39.8983
Source: 53.8000
Difference: 13.9017
Category: DATA_SOURCE_ISSUE
Explanation: Source financial inputs produce a materially different ratio-engine result. The specified formula is retained for analytics; the source ratio is retained for display/reference.
--------------------------------------------------------------------------------
Company: IRCTC
Year: Mar 2017
Metric: ROE
Calculated: 29.0978
Source: 40.4000
Difference: 11.3022
Category: DATA_SOURCE_ISSUE
Explanation: Source financial inputs produce a materially different ratio-engine result. The specified formula is retained for analytics; the source ratio is retained for display/reference.
--------------------------------------------------------------------------------
Company: IRCTC
Year: Mar 2018
Metric: ROCE
Calculated: 28.6911
Source: 53.8000
Difference: 25.1089
Category: DATA_SOURCE_ISSUE
Explanation: Source financial inputs produce a materially different ratio-engine result. The specified formula is retained for analytics; the source ratio is retained for display/reference.
--------------------------------------------------------------------------------
Company: IRCTC
Year: Mar 2018
Metric: ROE
Calculated: 23.1414
Source: 40.4000
Difference: 17.2586
Category: DATA_SOURCE_ISSUE
Explanation: Source financial inputs produce a materially different ratio-engine result. The specified formula is retained for analytics; the source ratio is retained for display/reference.
--------------------------------------------------------------------------------
Company: IRCTC
Year: Mar 2019
Metric: ROCE
Calculated: 35.7610
Source: 53.8000
Difference: 18.0390
Category: DATA_SOURCE_ISSUE
Explanation: Source financial inputs produce a materially different ratio-engine result. The specified formula is retained for analytics; the source ratio is retained for display/reference.
--------------------------------------------------------------------------------
Company: IRCTC
Year: Mar 2019
Metric: ROE
Calculated: 28.8515
Source: 40.4000
Difference: 11.5485
Category: DATA_SOURCE_ISSUE
Explanation: Source financial inputs produce a materially different ratio-engine result. The specified formula is retained for analytics; the source ratio is retained for display/reference.
--------------------------------------------------------------------------------
Company: IRCTC
Year: Mar 2021
Metric: ROCE
Calculated: 12.2476
Source: 53.8000
Difference: 41.5524
Category: DATA_SOURCE_ISSUE
Explanation: Source financial inputs produce a materially different ratio-engine result. The specified formula is retained for analytics; the source ratio is retained for display/reference.
--------------------------------------------------------------------------------
Company: IRCTC
Year: Mar 2021
Metric: ROE
Calculated: 12.8434
Source: 40.4000
Difference: 27.5566
Category: DATA_SOURCE_ISSUE
Explanation: Source financial inputs produce a materially different ratio-engine result. The specified formula is retained for analytics; the source ratio is retained for display/reference.
--------------------------------------------------------------------------------
Company: IRCTC
Year: Mar 2022
Metric: ROCE
Calculated: 44.2532
Source: 53.8000
Difference: 9.5468
Category: DATA_SOURCE_ISSUE
Explanation: Source financial inputs produce a materially different ratio-engine result. The specified formula is retained for analytics; the source ratio is retained for display/reference.
--------------------------------------------------------------------------------
Company: IRCTC
Year: Mar 2022
Metric: ROE
Calculated: 35.2941
Source: 40.4000
Difference: 5.1059
Category: DATA_SOURCE_ISSUE
Explanation: Source financial inputs produce a materially different ratio-engine result. The specified formula is retained for analytics; the source ratio is retained for display/reference.
--------------------------------------------------------------------------------
Company: IRCTC
Year: Mar 2024
Metric: ROCE
Calculated: 44.5593
Source: 53.8000
Difference: 9.2407
Category: DATA_SOURCE_ISSUE
Explanation: Source financial inputs produce a materially different ratio-engine result. The specified formula is retained for analytics; the source ratio is retained for display/reference.
--------------------------------------------------------------------------------
Company: IRCTC
Year: Mar 2024
Metric: ROE
Calculated: 34.3963
Source: 40.4000
Difference: 6.0037
Category: DATA_SOURCE_ISSUE
Explanation: Source financial inputs produce a materially different ratio-engine result. The specified formula is retained for analytics; the source ratio is retained for display/reference.
--------------------------------------------------------------------------------
Company: IRCTC
Year: Mar 2024
Metric: ROCE
Calculated: 41.1220
Source: 53.8000
Difference: 12.6780
Category: DATA_SOURCE_ISSUE
Explanation: Source financial inputs produce a materially different ratio-engine result. The specified formula is retained for analytics; the source ratio is retained for display/reference.
--------------------------------------------------------------------------------
Company: IRCTC
Year: Mar 2024
Metric: ROE
Calculated: 31.5356
Source: 40.4000
Difference: 8.8644
Category: DATA_SOURCE_ISSUE
Explanation: Source financial inputs produce a materially different ratio-engine result. The specified formula is retained for analytics; the source ratio is retained for display/reference.
--------------------------------------------------------------------------------
Company: IRFC
Year: Mar 2013
Metric: ROE
Calculated: 8.1639
Source: 13.7000
Difference: 5.5361
Category: DATA_SOURCE_ISSUE
Explanation: Source financial inputs produce a materially different ratio-engine result. The specified formula is retained for analytics; the source ratio is retained for display/reference.
--------------------------------------------------------------------------------
Company: IRFC
Year: Mar 2016
Metric: ROE
Calculated: 7.3666
Source: 13.7000
Difference: 6.3334
Category: DATA_SOURCE_ISSUE
Explanation: Source financial inputs produce a materially different ratio-engine result. The specified formula is retained for analytics; the source ratio is retained for display/reference.
--------------------------------------------------------------------------------
Company: IRFC
Year: Mar 2017
Metric: ROE
Calculated: 7.7775
Source: 13.7000
Difference: 5.9225
Category: DATA_SOURCE_ISSUE
Explanation: Source financial inputs produce a materially different ratio-engine result. The specified formula is retained for analytics; the source ratio is retained for display/reference.
--------------------------------------------------------------------------------
Company: ITC
Year: Mar 2013
Metric: ROCE
Calculated: 48.2416
Source: 34.7600
Difference: 13.4816
Category: DATA_SOURCE_ISSUE
Explanation: Source financial inputs produce a materially different ratio-engine result. The specified formula is retained for analytics; the source ratio is retained for display/reference.
--------------------------------------------------------------------------------
Company: ITC
Year: Mar 2014
Metric: ROCE
Calculated: 47.6000
Source: 34.7600
Difference: 12.8400
Category: DATA_SOURCE_ISSUE
Explanation: Source financial inputs produce a materially different ratio-engine result. The specified formula is retained for analytics; the source ratio is retained for display/reference.
--------------------------------------------------------------------------------
Company: ITC
Year: Mar 2015
Metric: ROCE
Calculated: 44.5305
Source: 34.7600
Difference: 9.7705
Category: DATA_SOURCE_ISSUE
Explanation: Source financial inputs produce a materially different ratio-engine result. The specified formula is retained for analytics; the source ratio is retained for display/reference.
--------------------------------------------------------------------------------
Company: ITC
Year: Mar 2016
Metric: ROE
Calculated: 22.2610
Source: 29.4700
Difference: 7.2090
Category: DATA_SOURCE_ISSUE
Explanation: Source financial inputs produce a materially different ratio-engine result. The specified formula is retained for analytics; the source ratio is retained for display/reference.
--------------------------------------------------------------------------------
Company: ITC
Year: Mar 2017
Metric: ROE
Calculated: 22.5734
Source: 29.4700
Difference: 6.8966
Category: DATA_SOURCE_ISSUE
Explanation: Source financial inputs produce a materially different ratio-engine result. The specified formula is retained for analytics; the source ratio is retained for display/reference.
--------------------------------------------------------------------------------
Company: ITC
Year: Mar 2018
Metric: ROE
Calculated: 21.8873
Source: 29.4700
Difference: 7.5827
Category: DATA_SOURCE_ISSUE
Explanation: Source financial inputs produce a materially different ratio-engine result. The specified formula is retained for analytics; the source ratio is retained for display/reference.
--------------------------------------------------------------------------------
Company: ITC
Year: Mar 2019
Metric: ROE
Calculated: 21.7041
Source: 29.4700
Difference: 7.7659
Category: DATA_SOURCE_ISSUE
Explanation: Source financial inputs produce a materially different ratio-engine result. The specified formula is retained for analytics; the source ratio is retained for display/reference.
--------------------------------------------------------------------------------
Company: ITC
Year: Mar 2020
Metric: ROCE
Calculated: 29.5103
Source: 34.7600
Difference: 5.2497
Category: DATA_SOURCE_ISSUE
Explanation: Source financial inputs produce a materially different ratio-engine result. The specified formula is retained for analytics; the source ratio is retained for display/reference.
--------------------------------------------------------------------------------
Company: ITC
Year: Mar 2020
Metric: ROE
Calculated: 23.8889
Source: 29.4700
Difference: 5.5811
Category: DATA_SOURCE_ISSUE
Explanation: Source financial inputs produce a materially different ratio-engine result. The specified formula is retained for analytics; the source ratio is retained for display/reference.
--------------------------------------------------------------------------------
Company: ITC
Year: Mar 2021
Metric: ROCE
Calculated: 28.1517
Source: 34.7600
Difference: 6.6083
Category: DATA_SOURCE_ISSUE
Explanation: Source financial inputs produce a materially different ratio-engine result. The specified formula is retained for analytics; the source ratio is retained for display/reference.
--------------------------------------------------------------------------------
Company: ITC
Year: Mar 2021
Metric: ROE
Calculated: 22.1767
Source: 29.4700
Difference: 7.2933
Category: DATA_SOURCE_ISSUE
Explanation: Source financial inputs produce a materially different ratio-engine result. The specified formula is retained for analytics; the source ratio is retained for display/reference.
--------------------------------------------------------------------------------
Company: JINDALSTEL
Year: Mar 2014
Metric: ROE
Calculated: 8.3857
Source: 14.1000
Difference: 5.7143
Category: DATA_SOURCE_ISSUE
Explanation: Source financial inputs produce a materially different ratio-engine result. The specified formula is retained for analytics; the source ratio is retained for display/reference.
--------------------------------------------------------------------------------
Company: JINDALSTEL
Year: Mar 2015
Metric: ROE
Calculated: -6.9005
Source: 14.1000
Difference: 21.0005
Category: DATA_SOURCE_ISSUE
Explanation: Source financial inputs produce a materially different ratio-engine result. The specified formula is retained for analytics; the source ratio is retained for display/reference.
--------------------------------------------------------------------------------
Company: JINDALSTEL
Year: Mar 2016
Metric: ROCE
Calculated: 4.3378
Source: 13.2000
Difference: 8.8622
Category: DATA_SOURCE_ISSUE
Explanation: Source financial inputs produce a materially different ratio-engine result. The specified formula is retained for analytics; the source ratio is retained for display/reference.
--------------------------------------------------------------------------------
Company: JINDALSTEL
Year: Mar 2016
Metric: ROE
Calculated: -9.5172
Source: 14.1000
Difference: 23.6172
Category: DATA_SOURCE_ISSUE
Explanation: Source financial inputs produce a materially different ratio-engine result. The specified formula is retained for analytics; the source ratio is retained for display/reference.
--------------------------------------------------------------------------------
Company: JINDALSTEL
Year: Mar 2017
Metric: ROCE
Calculated: 6.2041
Source: 13.2000
Difference: 6.9959
Category: DATA_SOURCE_ISSUE
Explanation: Source financial inputs produce a materially different ratio-engine result. The specified formula is retained for analytics; the source ratio is retained for display/reference.
--------------------------------------------------------------------------------
Company: JINDALSTEL
Year: Mar 2017
Metric: ROE
Calculated: -8.4456
Source: 14.1000
Difference: 22.5456
Category: DATA_SOURCE_ISSUE
Explanation: Source financial inputs produce a materially different ratio-engine result. The specified formula is retained for analytics; the source ratio is retained for display/reference.
--------------------------------------------------------------------------------
Company: JINDALSTEL
Year: Mar 2018
Metric: ROE
Calculated: -5.3184
Source: 14.1000
Difference: 19.4184
Category: DATA_SOURCE_ISSUE
Explanation: Source financial inputs produce a materially different ratio-engine result. The specified formula is retained for analytics; the source ratio is retained for display/reference.
--------------------------------------------------------------------------------
Company: JINDALSTEL
Year: Mar 2019
Metric: ROE
Calculated: -7.5175
Source: 14.1000
Difference: 21.6175
Category: DATA_SOURCE_ISSUE
Explanation: Source financial inputs produce a materially different ratio-engine result. The specified formula is retained for analytics; the source ratio is retained for display/reference.
--------------------------------------------------------------------------------
Company: JINDALSTEL
Year: Mar 2020
Metric: ROE
Calculated: -1.2447
Source: 14.1000
Difference: 15.3447
Category: DATA_SOURCE_ISSUE
Explanation: Source financial inputs produce a materially different ratio-engine result. The specified formula is retained for analytics; the source ratio is retained for display/reference.
--------------------------------------------------------------------------------
Company: JINDALSTEL
Year: Mar 2022
Metric: ROCE
Calculated: 31.5814
Source: 13.2000
Difference: 18.3814
Category: DATA_SOURCE_ISSUE
Explanation: Source financial inputs produce a materially different ratio-engine result. The specified formula is retained for analytics; the source ratio is retained for display/reference.
--------------------------------------------------------------------------------
Company: JINDALSTEL
Year: Mar 2023
Metric: ROCE
Calculated: 19.2109
Source: 13.2000
Difference: 6.0109
Category: DATA_SOURCE_ISSUE
Explanation: Source financial inputs produce a materially different ratio-engine result. The specified formula is retained for analytics; the source ratio is retained for display/reference.
--------------------------------------------------------------------------------
Company: JSWENERGY
Year: Mar 2013
Metric: ROCE
Calculated: 16.8928
Source: 8.5900
Difference: 8.3028
Category: DATA_SOURCE_ISSUE
Explanation: Source financial inputs produce a materially different ratio-engine result. The specified formula is retained for analytics; the source ratio is retained for display/reference.
--------------------------------------------------------------------------------
Company: JSWENERGY
Year: Mar 2013
Metric: ROE
Calculated: 14.5229
Source: 8.4000
Difference: 6.1229
Category: DATA_SOURCE_ISSUE
Explanation: Source financial inputs produce a materially different ratio-engine result. The specified formula is retained for analytics; the source ratio is retained for display/reference.
--------------------------------------------------------------------------------
Company: JSWENERGY
Year: Mar 2014
Metric: ROCE
Calculated: 19.5179
Source: 8.5900
Difference: 10.9279
Category: DATA_SOURCE_ISSUE
Explanation: Source financial inputs produce a materially different ratio-engine result. The specified formula is retained for analytics; the source ratio is retained for display/reference.
--------------------------------------------------------------------------------
Company: JSWENERGY
Year: Mar 2015
Metric: ROCE
Calculated: 21.5560
Source: 8.5900
Difference: 12.9660
Category: DATA_SOURCE_ISSUE
Explanation: Source financial inputs produce a materially different ratio-engine result. The specified formula is retained for analytics; the source ratio is retained for display/reference.
--------------------------------------------------------------------------------
Company: JSWENERGY
Year: Mar 2015
Metric: ROE
Calculated: 18.0633
Source: 8.4000
Difference: 9.6633
Category: DATA_SOURCE_ISSUE
Explanation: Source financial inputs produce a materially different ratio-engine result. The specified formula is retained for analytics; the source ratio is retained for display/reference.
--------------------------------------------------------------------------------
Company: JSWENERGY
Year: Mar 2016
Metric: ROCE
Calculated: 16.4007
Source: 8.5900
Difference: 7.8107
Category: DATA_SOURCE_ISSUE
Explanation: Source financial inputs produce a materially different ratio-engine result. The specified formula is retained for analytics; the source ratio is retained for display/reference.
--------------------------------------------------------------------------------
Company: JSWENERGY
Year: Mar 2016
Metric: ROE
Calculated: 15.0453
Source: 8.4000
Difference: 6.6453
Category: DATA_SOURCE_ISSUE
Explanation: Source financial inputs produce a materially different ratio-engine result. The specified formula is retained for analytics; the source ratio is retained for display/reference.
--------------------------------------------------------------------------------
Company: JSWENERGY
Year: Mar 2018
Metric: ROE
Calculated: 0.7651
Source: 8.4000
Difference: 7.6349
Category: DATA_SOURCE_ISSUE
Explanation: Source financial inputs produce a materially different ratio-engine result. The specified formula is retained for analytics; the source ratio is retained for display/reference.
--------------------------------------------------------------------------------
Company: JSWENERGY
Year: Mar 2020
Metric: ROCE
Calculated: 13.7624
Source: 8.5900
Difference: 5.1724
Category: DATA_SOURCE_ISSUE
Explanation: Source financial inputs produce a materially different ratio-engine result. The specified formula is retained for analytics; the source ratio is retained for display/reference.
--------------------------------------------------------------------------------
Company: JSWSTEEL
Year: Mar 2013
Metric: ROE
Calculated: 5.4439
Source: 11.6600
Difference: 6.2161
Category: DATA_SOURCE_ISSUE
Explanation: Source financial inputs produce a materially different ratio-engine result. The specified formula is retained for analytics; the source ratio is retained for display/reference.
--------------------------------------------------------------------------------
Company: JSWSTEEL
Year: Mar 2014
Metric: ROE
Calculated: 1.8986
Source: 11.6600
Difference: 9.7614
Category: DATA_SOURCE_ISSUE
Explanation: Source financial inputs produce a materially different ratio-engine result. The specified formula is retained for analytics; the source ratio is retained for display/reference.
--------------------------------------------------------------------------------
Company: JSWSTEEL
Year: Mar 2016
Metric: ROE
Calculated: -2.5361
Source: 11.6600
Difference: 14.1961
Category: DATA_SOURCE_ISSUE
Explanation: Source financial inputs produce a materially different ratio-engine result. The specified formula is retained for analytics; the source ratio is retained for display/reference.
--------------------------------------------------------------------------------
Company: JSWSTEEL
Year: Mar 2017
Metric: ROCE
Calculated: 18.6539
Source: 13.3600
Difference: 5.2939
Category: DATA_SOURCE_ISSUE
Explanation: Source financial inputs produce a materially different ratio-engine result. The specified formula is retained for analytics; the source ratio is retained for display/reference.
--------------------------------------------------------------------------------
Company: JSWSTEEL
Year: Mar 2018
Metric: ROCE
Calculated: 22.1335
Source: 13.3600
Difference: 8.7735
Category: DATA_SOURCE_ISSUE
Explanation: Source financial inputs produce a materially different ratio-engine result. The specified formula is retained for analytics; the source ratio is retained for display/reference.
--------------------------------------------------------------------------------
Company: JSWSTEEL
Year: Mar 2018
Metric: ROE
Calculated: 21.8337
Source: 11.6600
Difference: 10.1737
Category: DATA_SOURCE_ISSUE
Explanation: Source financial inputs produce a materially different ratio-engine result. The specified formula is retained for analytics; the source ratio is retained for display/reference.
--------------------------------------------------------------------------------
Company: JSWSTEEL
Year: Mar 2019
Metric: ROCE
Calculated: 23.0317
Source: 13.3600
Difference: 9.6717
Category: DATA_SOURCE_ISSUE
Explanation: Source financial inputs produce a materially different ratio-engine result. The specified formula is retained for analytics; the source ratio is retained for display/reference.
--------------------------------------------------------------------------------
Company: JSWSTEEL
Year: Mar 2019
Metric: ROE
Calculated: 21.6238
Source: 11.6600
Difference: 9.9638
Category: DATA_SOURCE_ISSUE
Explanation: Source financial inputs produce a materially different ratio-engine result. The specified formula is retained for analytics; the source ratio is retained for display/reference.
--------------------------------------------------------------------------------
Company: JSWSTEEL
Year: Mar 2021
Metric: ROCE
Calculated: 18.4855
Source: 13.3600
Difference: 5.1255
Category: DATA_SOURCE_ISSUE
Explanation: Source financial inputs produce a materially different ratio-engine result. The specified formula is retained for analytics; the source ratio is retained for display/reference.
--------------------------------------------------------------------------------
Company: JSWSTEEL
Year: Mar 2021
Metric: ROE
Calculated: 16.8356
Source: 11.6600
Difference: 5.1756
Category: DATA_SOURCE_ISSUE
Explanation: Source financial inputs produce a materially different ratio-engine result. The specified formula is retained for analytics; the source ratio is retained for display/reference.
--------------------------------------------------------------------------------
Company: JSWSTEEL
Year: Mar 2022
Metric: ROCE
Calculated: 28.0319
Source: 13.3600
Difference: 14.6719
Category: DATA_SOURCE_ISSUE
Explanation: Source financial inputs produce a materially different ratio-engine result. The specified formula is retained for analytics; the source ratio is retained for display/reference.
--------------------------------------------------------------------------------
Company: JSWSTEEL
Year: Mar 2022
Metric: ROE
Calculated: 31.1128
Source: 11.6600
Difference: 19.4528
Category: DATA_SOURCE_ISSUE
Explanation: Source financial inputs produce a materially different ratio-engine result. The specified formula is retained for analytics; the source ratio is retained for display/reference.
--------------------------------------------------------------------------------
Company: JSWSTEEL
Year: Mar 2023
Metric: ROE
Calculated: 6.3003
Source: 11.6600
Difference: 5.3597
Category: DATA_SOURCE_ISSUE
Explanation: Source financial inputs produce a materially different ratio-engine result. The specified formula is retained for analytics; the source ratio is retained for display/reference.
--------------------------------------------------------------------------------
Company: LICI
Year: Mar 2019
Metric: ROCE
Calculated: 2.1909
Source: 63.7900
Difference: 61.5991
Category: DATA_SOURCE_ISSUE
Explanation: Source financial inputs produce a materially different ratio-engine result. The specified formula is retained for analytics; the source ratio is retained for display/reference.
--------------------------------------------------------------------------------
Company: LICI
Year: Mar 2019
Metric: ROE
Calculated: 324.3210
Source: 63.6100
Difference: 260.7110
Category: DATA_SOURCE_ISSUE
Explanation: Source financial inputs produce a materially different ratio-engine result. The specified formula is retained for analytics; the source ratio is retained for display/reference.
--------------------------------------------------------------------------------
Company: LICI
Year: Mar 2020
Metric: ROCE
Calculated: -2.7306
Source: 63.7900
Difference: 66.5206
Category: DATA_SOURCE_ISSUE
Explanation: Source financial inputs produce a materially different ratio-engine result. The specified formula is retained for analytics; the source ratio is retained for display/reference.
--------------------------------------------------------------------------------
Company: LICI
Year: Mar 2020
Metric: ROE
Calculated: 270.4591
Source: 63.6100
Difference: 206.8491
Category: DATA_SOURCE_ISSUE
Explanation: Source financial inputs produce a materially different ratio-engine result. The specified formula is retained for analytics; the source ratio is retained for display/reference.
--------------------------------------------------------------------------------
Company: LICI
Year: Mar 2021
Metric: ROCE
Calculated: -3.6585
Source: 63.7900
Difference: 67.4485
Category: DATA_SOURCE_ISSUE
Explanation: Source financial inputs produce a materially different ratio-engine result. The specified formula is retained for analytics; the source ratio is retained for display/reference.
--------------------------------------------------------------------------------
Company: LICI
Year: Mar 2021
Metric: ROE
Calculated: 43.2016
Source: 63.6100
Difference: 20.4084
Category: DATA_SOURCE_ISSUE
Explanation: Source financial inputs produce a materially different ratio-engine result. The specified formula is retained for analytics; the source ratio is retained for display/reference.
--------------------------------------------------------------------------------
Company: LICI
Year: Mar 2022
Metric: ROCE
Calculated: 29.3324
Source: 63.7900
Difference: 34.4576
Category: DATA_SOURCE_ISSUE
Explanation: Source financial inputs produce a materially different ratio-engine result. The specified formula is retained for analytics; the source ratio is retained for display/reference.
--------------------------------------------------------------------------------
Company: LICI
Year: Mar 2022
Metric: ROE
Calculated: 36.3821
Source: 63.6100
Difference: 27.2279
Category: DATA_SOURCE_ISSUE
Explanation: Source financial inputs produce a materially different ratio-engine result. The specified formula is retained for analytics; the source ratio is retained for display/reference.
--------------------------------------------------------------------------------
Company: LICI
Year: Mar 2023
Metric: ROCE
Calculated: 73.9883
Source: 63.7900
Difference: 10.1983
Category: DATA_SOURCE_ISSUE
Explanation: Source financial inputs produce a materially different ratio-engine result. The specified formula is retained for analytics; the source ratio is retained for display/reference.
--------------------------------------------------------------------------------
Company: LICI
Year: Mar 2023
Metric: ROE
Calculated: 77.8600
Source: 63.6100
Difference: 14.2500
Category: DATA_SOURCE_ISSUE
Explanation: Source financial inputs produce a materially different ratio-engine result. The specified formula is retained for analytics; the source ratio is retained for display/reference.
--------------------------------------------------------------------------------
Company: LICI
Year: Mar 2024
Metric: ROCE
Calculated: 39.6135
Source: 63.7900
Difference: 24.1765
Category: DATA_SOURCE_ISSUE
Explanation: Source financial inputs produce a materially different ratio-engine result. The specified formula is retained for analytics; the source ratio is retained for display/reference.
--------------------------------------------------------------------------------
Company: LICI
Year: Mar 2024
Metric: ROE
Calculated: 49.4471
Source: 63.6100
Difference: 14.1629
Category: DATA_SOURCE_ISSUE
Explanation: Source financial inputs produce a materially different ratio-engine result. The specified formula is retained for analytics; the source ratio is retained for display/reference.
--------------------------------------------------------------------------------
Company: LICI
Year: Mar 2024
Metric: ROCE
Calculated: 33.5689
Source: 63.7900
Difference: 30.2211
Category: DATA_SOURCE_ISSUE
Explanation: Source financial inputs produce a materially different ratio-engine result. The specified formula is retained for analytics; the source ratio is retained for display/reference.
--------------------------------------------------------------------------------
Company: LICI
Year: Mar 2024
Metric: ROE
Calculated: 41.9062
Source: 63.6100
Difference: 21.7038
Category: DATA_SOURCE_ISSUE
Explanation: Source financial inputs produce a materially different ratio-engine result. The specified formula is retained for analytics; the source ratio is retained for display/reference.
--------------------------------------------------------------------------------
Company: LODHA
Year: Mar 2011
Metric: ROE
Calculated: 35.4839
Source: 10.7000
Difference: 24.7839
Category: DATA_SOURCE_ISSUE
Explanation: Source financial inputs produce a materially different ratio-engine result. The specified formula is retained for analytics; the source ratio is retained for display/reference.
--------------------------------------------------------------------------------
Company: LODHA
Year: Mar 2012
Metric: ROE
Calculated: 33.8366
Source: 10.7000
Difference: 23.1366
Category: DATA_SOURCE_ISSUE
Explanation: Source financial inputs produce a materially different ratio-engine result. The specified formula is retained for analytics; the source ratio is retained for display/reference.
--------------------------------------------------------------------------------
Company: LODHA
Year: Mar 2015
Metric: ROE
Calculated: 24.2259
Source: 10.7000
Difference: 13.5259
Category: DATA_SOURCE_ISSUE
Explanation: Source financial inputs produce a materially different ratio-engine result. The specified formula is retained for analytics; the source ratio is retained for display/reference.
--------------------------------------------------------------------------------
Company: LODHA
Year: Mar 2016
Metric: ROE
Calculated: 17.6944
Source: 10.7000
Difference: 6.9944
Category: DATA_SOURCE_ISSUE
Explanation: Source financial inputs produce a materially different ratio-engine result. The specified formula is retained for analytics; the source ratio is retained for display/reference.
--------------------------------------------------------------------------------
Company: LODHA
Year: Mar 2018
Metric: ROCE
Calculated: 6.0573
Source: 11.1000
Difference: 5.0427
Category: DATA_SOURCE_ISSUE
Explanation: Source financial inputs produce a materially different ratio-engine result. The specified formula is retained for analytics; the source ratio is retained for display/reference.
--------------------------------------------------------------------------------
Company: LODHA
Year: Mar 2019
Metric: ROE
Calculated: 42.8014
Source: 10.7000
Difference: 32.1014
Category: DATA_SOURCE_ISSUE
Explanation: Source financial inputs produce a materially different ratio-engine result. The specified formula is retained for analytics; the source ratio is retained for display/reference.
--------------------------------------------------------------------------------
Company: LODHA
Year: Mar 2020
Metric: ROE
Calculated: 16.3005
Source: 10.7000
Difference: 5.6005
Category: DATA_SOURCE_ISSUE
Explanation: Source financial inputs produce a materially different ratio-engine result. The specified formula is retained for analytics; the source ratio is retained for display/reference.
--------------------------------------------------------------------------------
Company: LODHA
Year: Mar 2021
Metric: ROCE
Calculated: 6.0679
Source: 11.1000
Difference: 5.0321
Category: DATA_SOURCE_ISSUE
Explanation: Source financial inputs produce a materially different ratio-engine result. The specified formula is retained for analytics; the source ratio is retained for display/reference.
--------------------------------------------------------------------------------
Company: LODHA
Year: Mar 2021
Metric: ROE
Calculated: 1.0437
Source: 10.7000
Difference: 9.6563
Category: DATA_SOURCE_ISSUE
Explanation: Source financial inputs produce a materially different ratio-engine result. The specified formula is retained for analytics; the source ratio is retained for display/reference.
--------------------------------------------------------------------------------
Company: LODHA
Year: Mar 2023
Metric: ROE
Calculated: 3.8695
Source: 10.7000
Difference: 6.8305
Category: DATA_SOURCE_ISSUE
Explanation: Source financial inputs produce a materially different ratio-engine result. The specified formula is retained for analytics; the source ratio is retained for display/reference.
--------------------------------------------------------------------------------
Company: LT
Year: Mar 2013
Metric: ROCE
Calculated: 724.3484
Source: 17.1800
Difference: 707.1684
Category: DATA_SOURCE_ISSUE
Explanation: Source financial inputs produce a materially different ratio-engine result. The specified formula is retained for analytics; the source ratio is retained for display/reference.
--------------------------------------------------------------------------------
Company: LT
Year: Mar 2013
Metric: ROE
Calculated: 395.1456
Source: 10.4900
Difference: 384.6556
Category: DATA_SOURCE_ISSUE
Explanation: Source financial inputs produce a materially different ratio-engine result. The specified formula is retained for analytics; the source ratio is retained for display/reference.
--------------------------------------------------------------------------------
Company: LT
Year: Mar 2014
Metric: ROCE
Calculated: 818.9535
Source: 17.1800
Difference: 801.7735
Category: DATA_SOURCE_ISSUE
Explanation: Source financial inputs produce a materially different ratio-engine result. The specified formula is retained for analytics; the source ratio is retained for display/reference.
--------------------------------------------------------------------------------
Company: LT
Year: Mar 2014
Metric: ROE
Calculated: 303.4161
Source: 10.4900
Difference: 292.9261
Category: DATA_SOURCE_ISSUE
Explanation: Source financial inputs produce a materially different ratio-engine result. The specified formula is retained for analytics; the source ratio is retained for display/reference.
--------------------------------------------------------------------------------
Company: LT
Year: Mar 2015
Metric: ROCE
Calculated: 698.9305
Source: 17.1800
Difference: 681.7505
Category: DATA_SOURCE_ISSUE
Explanation: Source financial inputs produce a materially different ratio-engine result. The specified formula is retained for analytics; the source ratio is retained for display/reference.
--------------------------------------------------------------------------------
Company: LT
Year: Mar 2015
Metric: ROE
Calculated: 245.1135
Source: 10.4900
Difference: 234.6235
Category: DATA_SOURCE_ISSUE
Explanation: Source financial inputs produce a materially different ratio-engine result. The specified formula is retained for analytics; the source ratio is retained for display/reference.
--------------------------------------------------------------------------------
Company: LT
Year: Mar 2016
Metric: ROCE
Calculated: 710.3670
Source: 17.1800
Difference: 693.1870
Category: DATA_SOURCE_ISSUE
Explanation: Source financial inputs produce a materially different ratio-engine result. The specified formula is retained for analytics; the source ratio is retained for display/reference.
--------------------------------------------------------------------------------
Company: LT
Year: Mar 2016
Metric: ROE
Calculated: 216.0941
Source: 10.4900
Difference: 205.6041
Category: DATA_SOURCE_ISSUE
Explanation: Source financial inputs produce a materially different ratio-engine result. The specified formula is retained for analytics; the source ratio is retained for display/reference.
--------------------------------------------------------------------------------
Company: LT
Year: Mar 2017
Metric: ROCE
Calculated: 528.6260
Source: 17.1800
Difference: 511.4460
Category: DATA_SOURCE_ISSUE
Explanation: Source financial inputs produce a materially different ratio-engine result. The specified formula is retained for analytics; the source ratio is retained for display/reference.
--------------------------------------------------------------------------------
Company: LT
Year: Mar 2017
Metric: ROE
Calculated: 206.2977
Source: 10.4900
Difference: 195.8077
Category: DATA_SOURCE_ISSUE
Explanation: Source financial inputs produce a materially different ratio-engine result. The specified formula is retained for analytics; the source ratio is retained for display/reference.
--------------------------------------------------------------------------------
Company: LT
Year: Mar 2018
Metric: ROCE
Calculated: 521.0104
Source: 17.1800
Difference: 503.8304
Category: DATA_SOURCE_ISSUE
Explanation: Source financial inputs produce a materially different ratio-engine result. The specified formula is retained for analytics; the source ratio is retained for display/reference.
--------------------------------------------------------------------------------
Company: LT
Year: Mar 2018
Metric: ROE
Calculated: 207.3575
Source: 10.4900
Difference: 196.8675
Category: DATA_SOURCE_ISSUE
Explanation: Source financial inputs produce a materially different ratio-engine result. The specified formula is retained for analytics; the source ratio is retained for display/reference.
--------------------------------------------------------------------------------
Company: LT
Year: Mar 2019
Metric: ROCE
Calculated: 467.3207
Source: 17.1800
Difference: 450.1407
Category: DATA_SOURCE_ISSUE
Explanation: Source financial inputs produce a materially different ratio-engine result. The specified formula is retained for analytics; the source ratio is retained for display/reference.
--------------------------------------------------------------------------------
Company: LT
Year: Mar 2019
Metric: ROE
Calculated: 208.8085
Source: 10.4900
Difference: 198.3185
Category: DATA_SOURCE_ISSUE
Explanation: Source financial inputs produce a materially different ratio-engine result. The specified formula is retained for analytics; the source ratio is retained for display/reference.
--------------------------------------------------------------------------------
Company: LT
Year: Mar 2020
Metric: ROCE
Calculated: 388.7429
Source: 17.1800
Difference: 371.5629
Category: DATA_SOURCE_ISSUE
Explanation: Source financial inputs produce a materially different ratio-engine result. The specified formula is retained for analytics; the source ratio is retained for display/reference.
--------------------------------------------------------------------------------
Company: LT
Year: Mar 2020
Metric: ROE
Calculated: 201.5914
Source: 10.4900
Difference: 191.1014
Category: DATA_SOURCE_ISSUE
Explanation: Source financial inputs produce a materially different ratio-engine result. The specified formula is retained for analytics; the source ratio is retained for display/reference.
--------------------------------------------------------------------------------
Company: LT
Year: Mar 2021
Metric: ROCE
Calculated: 289.5581
Source: 17.1800
Difference: 272.3781
Category: DATA_SOURCE_ISSUE
Explanation: Source financial inputs produce a materially different ratio-engine result. The specified formula is retained for analytics; the source ratio is retained for display/reference.
--------------------------------------------------------------------------------
Company: LT
Year: Mar 2021
Metric: ROE
Calculated: 176.9031
Source: 10.4900
Difference: 166.4131
Category: DATA_SOURCE_ISSUE
Explanation: Source financial inputs produce a materially different ratio-engine result. The specified formula is retained for analytics; the source ratio is retained for display/reference.
--------------------------------------------------------------------------------
Company: LT
Year: Mar 2022
Metric: ROCE
Calculated: 167.1525
Source: 17.1800
Difference: 149.9725
Category: DATA_SOURCE_ISSUE
Explanation: Source financial inputs produce a materially different ratio-engine result. The specified formula is retained for analytics; the source ratio is retained for display/reference.
--------------------------------------------------------------------------------
Company: LT
Year: Mar 2022
Metric: ROE
Calculated: 72.9213
Source: 10.4900
Difference: 62.4313
Category: DATA_SOURCE_ISSUE
Explanation: Source financial inputs produce a materially different ratio-engine result. The specified formula is retained for analytics; the source ratio is retained for display/reference.
--------------------------------------------------------------------------------
Company: LT
Year: Mar 2023
Metric: ROCE
Calculated: 149.8153
Source: 17.1800
Difference: 132.6353
Category: DATA_SOURCE_ISSUE
Explanation: Source financial inputs produce a materially different ratio-engine result. The specified formula is retained for analytics; the source ratio is retained for display/reference.
--------------------------------------------------------------------------------
Company: LT
Year: Mar 2023
Metric: ROE
Calculated: 75.5243
Source: 10.4900
Difference: 65.0343
Category: DATA_SOURCE_ISSUE
Explanation: Source financial inputs produce a materially different ratio-engine result. The specified formula is retained for analytics; the source ratio is retained for display/reference.
--------------------------------------------------------------------------------
Company: LT
Year: Mar 2024
Metric: ROCE
Calculated: 135.2030
Source: 17.1800
Difference: 118.0230
Category: DATA_SOURCE_ISSUE
Explanation: Source financial inputs produce a materially different ratio-engine result. The specified formula is retained for analytics; the source ratio is retained for display/reference.
--------------------------------------------------------------------------------
Company: LT
Year: Mar 2024
Metric: ROE
Calculated: 77.6651
Source: 10.4900
Difference: 67.1751
Category: DATA_SOURCE_ISSUE
Explanation: Source financial inputs produce a materially different ratio-engine result. The specified formula is retained for analytics; the source ratio is retained for display/reference.
--------------------------------------------------------------------------------
Company: LT
Year: Mar 2024
Metric: ROCE
Calculated: 127.6228
Source: 17.1800
Difference: 110.4428
Category: DATA_SOURCE_ISSUE
Explanation: Source financial inputs produce a materially different ratio-engine result. The specified formula is retained for analytics; the source ratio is retained for display/reference.
--------------------------------------------------------------------------------
Company: LT
Year: Mar 2024
Metric: ROE
Calculated: 73.7699
Source: 10.4900
Difference: 63.2799
Category: DATA_SOURCE_ISSUE
Explanation: Source financial inputs produce a materially different ratio-engine result. The specified formula is retained for analytics; the source ratio is retained for display/reference.
--------------------------------------------------------------------------------
Company: LTIM
Year: Mar 2013
Metric: ROCE
Calculated: 55.3083
Source: 34.1000
Difference: 21.2083
Category: DATA_SOURCE_ISSUE
Explanation: Source financial inputs produce a materially different ratio-engine result. The specified formula is retained for analytics; the source ratio is retained for display/reference.
--------------------------------------------------------------------------------
Company: LTIM
Year: Mar 2013
Metric: ROE
Calculated: 41.9716
Source: 26.0400
Difference: 15.9316
Category: DATA_SOURCE_ISSUE
Explanation: Source financial inputs produce a materially different ratio-engine result. The specified formula is retained for analytics; the source ratio is retained for display/reference.
--------------------------------------------------------------------------------
Company: LTIM
Year: Mar 2014
Metric: ROCE
Calculated: 66.6860
Source: 34.1000
Difference: 32.5860
Category: DATA_SOURCE_ISSUE
Explanation: Source financial inputs produce a materially different ratio-engine result. The specified formula is retained for analytics; the source ratio is retained for display/reference.
--------------------------------------------------------------------------------
Company: LTIM
Year: Mar 2014
Metric: ROE
Calculated: 61.8634
Source: 26.0400
Difference: 35.8234
Category: DATA_SOURCE_ISSUE
Explanation: Source financial inputs produce a materially different ratio-engine result. The specified formula is retained for analytics; the source ratio is retained for display/reference.
--------------------------------------------------------------------------------
Company: LTIM
Year: Mar 2015
Metric: ROCE
Calculated: 44.7861
Source: 34.1000
Difference: 10.6861
Category: DATA_SOURCE_ISSUE
Explanation: Source financial inputs produce a materially different ratio-engine result. The specified formula is retained for analytics; the source ratio is retained for display/reference.
--------------------------------------------------------------------------------
Company: LTIM
Year: Mar 2015
Metric: ROE
Calculated: 37.9566
Source: 26.0400
Difference: 11.9166
Category: DATA_SOURCE_ISSUE
Explanation: Source financial inputs produce a materially different ratio-engine result. The specified formula is retained for analytics; the source ratio is retained for display/reference.
--------------------------------------------------------------------------------
Company: LTIM
Year: Mar 2016
Metric: ROCE
Calculated: 47.1560
Source: 34.1000
Difference: 13.0560
Category: DATA_SOURCE_ISSUE
Explanation: Source financial inputs produce a materially different ratio-engine result. The specified formula is retained for analytics; the source ratio is retained for display/reference.
--------------------------------------------------------------------------------
Company: LTIM
Year: Mar 2016
Metric: ROE
Calculated: 39.3412
Source: 26.0400
Difference: 13.3012
Category: DATA_SOURCE_ISSUE
Explanation: Source financial inputs produce a materially different ratio-engine result. The specified formula is retained for analytics; the source ratio is retained for display/reference.
--------------------------------------------------------------------------------
Company: LTIM
Year: Mar 2017
Metric: ROCE
Calculated: 39.1221
Source: 34.1000
Difference: 5.0221
Category: DATA_SOURCE_ISSUE
Explanation: Source financial inputs produce a materially different ratio-engine result. The specified formula is retained for analytics; the source ratio is retained for display/reference.
--------------------------------------------------------------------------------
Company: LTIM
Year: Mar 2024
Metric: ROCE
Calculated: 28.9148
Source: 34.1000
Difference: 5.1852
Category: DATA_SOURCE_ISSUE
Explanation: Source financial inputs produce a materially different ratio-engine result. The specified formula is retained for analytics; the source ratio is retained for display/reference.
--------------------------------------------------------------------------------
Company: LTIM
Year: Mar 2024
Metric: ROCE
Calculated: 27.2937
Source: 34.1000
Difference: 6.8063
Category: DATA_SOURCE_ISSUE
Explanation: Source financial inputs produce a materially different ratio-engine result. The specified formula is retained for analytics; the source ratio is retained for display/reference.
--------------------------------------------------------------------------------
Company: M&M
Year: Mar 2013
Metric: ROCE
Calculated: 18.7295
Source: 26.9800
Difference: 8.2505
Category: DATA_SOURCE_ISSUE
Explanation: Source financial inputs produce a materially different ratio-engine result. The specified formula is retained for analytics; the source ratio is retained for display/reference.
--------------------------------------------------------------------------------
Company: M&M
Year: Mar 2014
Metric: ROCE
Calculated: 17.3923
Source: 26.9800
Difference: 9.5877
Category: DATA_SOURCE_ISSUE
Explanation: Source financial inputs produce a materially different ratio-engine result. The specified formula is retained for analytics; the source ratio is retained for display/reference.
--------------------------------------------------------------------------------
Company: M&M
Year: Mar 2015
Metric: ROCE
Calculated: 13.7890
Source: 26.9800
Difference: 13.1910
Category: DATA_SOURCE_ISSUE
Explanation: Source financial inputs produce a materially different ratio-engine result. The specified formula is retained for analytics; the source ratio is retained for display/reference.
--------------------------------------------------------------------------------
Company: M&M
Year: Mar 2016
Metric: ROCE
Calculated: 14.8167
Source: 26.9800
Difference: 12.1633
Category: DATA_SOURCE_ISSUE
Explanation: Source financial inputs produce a materially different ratio-engine result. The specified formula is retained for analytics; the source ratio is retained for display/reference.
--------------------------------------------------------------------------------
Company: M&M
Year: Mar 2017
Metric: ROCE
Calculated: 13.6682
Source: 26.9800
Difference: 13.3118
Category: DATA_SOURCE_ISSUE
Explanation: Source financial inputs produce a materially different ratio-engine result. The specified formula is retained for analytics; the source ratio is retained for display/reference.
--------------------------------------------------------------------------------
Company: M&M
Year: Mar 2018
Metric: ROCE
Calculated: 14.2717
Source: 26.9800
Difference: 12.7083
Category: DATA_SOURCE_ISSUE
Explanation: Source financial inputs produce a materially different ratio-engine result. The specified formula is retained for analytics; the source ratio is retained for display/reference.
--------------------------------------------------------------------------------
Company: M&M
Year: Mar 2019
Metric: ROCE
Calculated: 13.7209
Source: 26.9800
Difference: 13.2591
Category: DATA_SOURCE_ISSUE
Explanation: Source financial inputs produce a materially different ratio-engine result. The specified formula is retained for analytics; the source ratio is retained for display/reference.
--------------------------------------------------------------------------------
Company: M&M
Year: Mar 2020
Metric: ROCE
Calculated: 8.3221
Source: 26.9800
Difference: 18.6579
Category: DATA_SOURCE_ISSUE
Explanation: Source financial inputs produce a materially different ratio-engine result. The specified formula is retained for analytics; the source ratio is retained for display/reference.
--------------------------------------------------------------------------------
Company: M&M
Year: Mar 2020
Metric: ROE
Calculated: -0.8031
Source: 17.9900
Difference: 18.7931
Category: DATA_SOURCE_ISSUE
Explanation: Source financial inputs produce a materially different ratio-engine result. The specified formula is retained for analytics; the source ratio is retained for display/reference.
--------------------------------------------------------------------------------
Company: M&M
Year: Mar 2021
Metric: ROCE
Calculated: 9.3996
Source: 26.9800
Difference: 17.5804
Category: DATA_SOURCE_ISSUE
Explanation: Source financial inputs produce a materially different ratio-engine result. The specified formula is retained for analytics; the source ratio is retained for display/reference.
--------------------------------------------------------------------------------
Company: M&M
Year: Mar 2021
Metric: ROE
Calculated: 3.6362
Source: 17.9900
Difference: 14.3538
Category: DATA_SOURCE_ISSUE
Explanation: Source financial inputs produce a materially different ratio-engine result. The specified formula is retained for analytics; the source ratio is retained for display/reference.
--------------------------------------------------------------------------------
Company: M&M
Year: Mar 2022
Metric: ROCE
Calculated: 11.7720
Source: 26.9800
Difference: 15.2080
Category: DATA_SOURCE_ISSUE
Explanation: Source financial inputs produce a materially different ratio-engine result. The specified formula is retained for analytics; the source ratio is retained for display/reference.
--------------------------------------------------------------------------------
Company: M&M
Year: Mar 2023
Metric: ROCE
Calculated: 13.6495
Source: 26.9800
Difference: 13.3305
Category: DATA_SOURCE_ISSUE
Explanation: Source financial inputs produce a materially different ratio-engine result. The specified formula is retained for analytics; the source ratio is retained for display/reference.
--------------------------------------------------------------------------------
Company: M&M
Year: Mar 2024
Metric: ROCE
Calculated: 14.2373
Source: 26.9800
Difference: 12.7427
Category: DATA_SOURCE_ISSUE
Explanation: Source financial inputs produce a materially different ratio-engine result. The specified formula is retained for analytics; the source ratio is retained for display/reference.
--------------------------------------------------------------------------------
Company: M&M
Year: Mar 2024
Metric: ROCE
Calculated: 13.2866
Source: 26.9800
Difference: 13.6934
Category: DATA_SOURCE_ISSUE
Explanation: Source financial inputs produce a materially different ratio-engine result. The specified formula is retained for analytics; the source ratio is retained for display/reference.
--------------------------------------------------------------------------------
Company: MARUTI
Year: Mar 2016
Metric: ROCE
Calculated: 29.2541
Source: 23.6700
Difference: 5.5841
Category: DATA_SOURCE_ISSUE
Explanation: Source financial inputs produce a materially different ratio-engine result. The specified formula is retained for analytics; the source ratio is retained for display/reference.
--------------------------------------------------------------------------------
Company: MARUTI
Year: Mar 2020
Metric: ROCE
Calculated: 14.8295
Source: 23.6700
Difference: 8.8405
Category: DATA_SOURCE_ISSUE
Explanation: Source financial inputs produce a materially different ratio-engine result. The specified formula is retained for analytics; the source ratio is retained for display/reference.
--------------------------------------------------------------------------------
Company: MARUTI
Year: Mar 2021
Metric: ROCE
Calculated: 10.2013
Source: 23.6700
Difference: 13.4687
Category: DATA_SOURCE_ISSUE
Explanation: Source financial inputs produce a materially different ratio-engine result. The specified formula is retained for analytics; the source ratio is retained for display/reference.
--------------------------------------------------------------------------------
Company: MARUTI
Year: Mar 2021
Metric: ROE
Calculated: 8.3598
Source: 15.7500
Difference: 7.3902
Category: DATA_SOURCE_ISSUE
Explanation: Source financial inputs produce a materially different ratio-engine result. The specified formula is retained for analytics; the source ratio is retained for display/reference.
--------------------------------------------------------------------------------
Company: MARUTI
Year: Mar 2022
Metric: ROCE
Calculated: 10.3158
Source: 23.6700
Difference: 13.3542
Category: DATA_SOURCE_ISSUE
Explanation: Source financial inputs produce a materially different ratio-engine result. The specified formula is retained for analytics; the source ratio is retained for display/reference.
--------------------------------------------------------------------------------
Company: MARUTI
Year: Mar 2022
Metric: ROE
Calculated: 7.0121
Source: 15.7500
Difference: 8.7379
Category: DATA_SOURCE_ISSUE
Explanation: Source financial inputs produce a materially different ratio-engine result. The specified formula is retained for analytics; the source ratio is retained for display/reference.
--------------------------------------------------------------------------------
Company: MARUTI
Year: Mar 2023
Metric: ROCE
Calculated: 17.3004
Source: 23.6700
Difference: 6.3696
Category: DATA_SOURCE_ISSUE
Explanation: Source financial inputs produce a materially different ratio-engine result. The specified formula is retained for analytics; the source ratio is retained for display/reference.
--------------------------------------------------------------------------------
Company: MOTHERSON
Year: Mar 2013
Metric: ROCE
Calculated: 20.5756
Source: 13.7000
Difference: 6.8756
Category: DATA_SOURCE_ISSUE
Explanation: Source financial inputs produce a materially different ratio-engine result. The specified formula is retained for analytics; the source ratio is retained for display/reference.
--------------------------------------------------------------------------------
Company: MOTHERSON
Year: Mar 2013
Metric: ROE
Calculated: 19.7466
Source: 11.8000
Difference: 7.9466
Category: DATA_SOURCE_ISSUE
Explanation: Source financial inputs produce a materially different ratio-engine result. The specified formula is retained for analytics; the source ratio is retained for display/reference.
--------------------------------------------------------------------------------
Company: MOTHERSON
Year: Mar 2014
Metric: ROCE
Calculated: 30.7347
Source: 13.7000
Difference: 17.0347
Category: DATA_SOURCE_ISSUE
Explanation: Source financial inputs produce a materially different ratio-engine result. The specified formula is retained for analytics; the source ratio is retained for display/reference.
--------------------------------------------------------------------------------
Company: MOTHERSON
Year: Mar 2014
Metric: ROE
Calculated: 37.0733
Source: 11.8000
Difference: 25.2733
Category: DATA_SOURCE_ISSUE
Explanation: Source financial inputs produce a materially different ratio-engine result. The specified formula is retained for analytics; the source ratio is retained for display/reference.
--------------------------------------------------------------------------------
Company: MOTHERSON
Year: Mar 2015
Metric: ROCE
Calculated: 33.6369
Source: 13.7000
Difference: 19.9369
Category: DATA_SOURCE_ISSUE
Explanation: Source financial inputs produce a materially different ratio-engine result. The specified formula is retained for analytics; the source ratio is retained for display/reference.
--------------------------------------------------------------------------------
Company: MOTHERSON
Year: Mar 2015
Metric: ROE
Calculated: 38.8688
Source: 11.8000
Difference: 27.0688
Category: DATA_SOURCE_ISSUE
Explanation: Source financial inputs produce a materially different ratio-engine result. The specified formula is retained for analytics; the source ratio is retained for display/reference.
--------------------------------------------------------------------------------
Company: MOTHERSON
Year: Mar 2016
Metric: ROCE
Calculated: 33.9002
Source: 13.7000
Difference: 20.2002
Category: DATA_SOURCE_ISSUE
Explanation: Source financial inputs produce a materially different ratio-engine result. The specified formula is retained for analytics; the source ratio is retained for display/reference.
--------------------------------------------------------------------------------
Company: MOTHERSON
Year: Mar 2016
Metric: ROE
Calculated: 40.3457
Source: 11.8000
Difference: 28.5457
Category: DATA_SOURCE_ISSUE
Explanation: Source financial inputs produce a materially different ratio-engine result. The specified formula is retained for analytics; the source ratio is retained for display/reference.
--------------------------------------------------------------------------------
Company: MOTHERSON
Year: Mar 2017
Metric: ROCE
Calculated: 22.3994
Source: 13.7000
Difference: 8.6994
Category: DATA_SOURCE_ISSUE
Explanation: Source financial inputs produce a materially different ratio-engine result. The specified formula is retained for analytics; the source ratio is retained for display/reference.
--------------------------------------------------------------------------------
Company: MOTHERSON
Year: Mar 2017
Metric: ROE
Calculated: 26.2573
Source: 11.8000
Difference: 14.4573
Category: DATA_SOURCE_ISSUE
Explanation: Source financial inputs produce a materially different ratio-engine result. The specified formula is retained for analytics; the source ratio is retained for display/reference.
--------------------------------------------------------------------------------
Company: MOTHERSON
Year: Mar 2018
Metric: ROCE
Calculated: 25.3135
Source: 13.7000
Difference: 11.6135
Category: DATA_SOURCE_ISSUE
Explanation: Source financial inputs produce a materially different ratio-engine result. The specified formula is retained for analytics; the source ratio is retained for display/reference.
--------------------------------------------------------------------------------
Company: MOTHERSON
Year: Mar 2018
Metric: ROE
Calculated: 22.8652
Source: 11.8000
Difference: 11.0652
Category: DATA_SOURCE_ISSUE
Explanation: Source financial inputs produce a materially different ratio-engine result. The specified formula is retained for analytics; the source ratio is retained for display/reference.
--------------------------------------------------------------------------------
Company: MOTHERSON
Year: Mar 2019
Metric: ROCE
Calculated: 23.7721
Source: 13.7000
Difference: 10.0721
Category: DATA_SOURCE_ISSUE
Explanation: Source financial inputs produce a materially different ratio-engine result. The specified formula is retained for analytics; the source ratio is retained for display/reference.
--------------------------------------------------------------------------------
Company: MOTHERSON
Year: Mar 2019
Metric: ROE
Calculated: 19.1371
Source: 11.8000
Difference: 7.3371
Category: DATA_SOURCE_ISSUE
Explanation: Source financial inputs produce a materially different ratio-engine result. The specified formula is retained for analytics; the source ratio is retained for display/reference.
--------------------------------------------------------------------------------
Company: MOTHERSON
Year: Mar 2020
Metric: ROCE
Calculated: 19.0761
Source: 13.7000
Difference: 5.3761
Category: DATA_SOURCE_ISSUE
Explanation: Source financial inputs produce a materially different ratio-engine result. The specified formula is retained for analytics; the source ratio is retained for display/reference.
--------------------------------------------------------------------------------
Company: MOTHERSON
Year: Mar 2022
Metric: ROE
Calculated: 5.7412
Source: 11.8000
Difference: 6.0588
Category: DATA_SOURCE_ISSUE
Explanation: Source financial inputs produce a materially different ratio-engine result. The specified formula is retained for analytics; the source ratio is retained for display/reference.
--------------------------------------------------------------------------------
Company: MOTHERSON
Year: Mar 2024
Metric: ROCE
Calculated: 20.2314
Source: 13.7000
Difference: 6.5314
Category: DATA_SOURCE_ISSUE
Explanation: Source financial inputs produce a materially different ratio-engine result. The specified formula is retained for analytics; the source ratio is retained for display/reference.
--------------------------------------------------------------------------------
Company: NAUKRI
Year: Mar 2013
Metric: ROCE
Calculated: 19.8686
Source: 3.6500
Difference: 16.2186
Category: DATA_SOURCE_ISSUE
Explanation: Source financial inputs produce a materially different ratio-engine result. The specified formula is retained for analytics; the source ratio is retained for display/reference.
--------------------------------------------------------------------------------
Company: NAUKRI
Year: Mar 2013
Metric: ROE
Calculated: 12.5000
Source: 2.4400
Difference: 10.0600
Category: DATA_SOURCE_ISSUE
Explanation: Source financial inputs produce a materially different ratio-engine result. The specified formula is retained for analytics; the source ratio is retained for display/reference.
--------------------------------------------------------------------------------
Company: NAUKRI
Year: Mar 2014
Metric: ROCE
Calculated: 14.4131
Source: 3.6500
Difference: 10.7631
Category: DATA_SOURCE_ISSUE
Explanation: Source financial inputs produce a materially different ratio-engine result. The specified formula is retained for analytics; the source ratio is retained for display/reference.
--------------------------------------------------------------------------------
Company: NAUKRI
Year: Mar 2014
Metric: ROE
Calculated: 8.9286
Source: 2.4400
Difference: 6.4886
Category: DATA_SOURCE_ISSUE
Explanation: Source financial inputs produce a materially different ratio-engine result. The specified formula is retained for analytics; the source ratio is retained for display/reference.
--------------------------------------------------------------------------------
Company: NAUKRI
Year: Mar 2016
Metric: ROE
Calculated: 7.6474
Source: 2.4400
Difference: 5.2074
Category: DATA_SOURCE_ISSUE
Explanation: Source financial inputs produce a materially different ratio-engine result. The specified formula is retained for analytics; the source ratio is retained for display/reference.
--------------------------------------------------------------------------------
Company: NAUKRI
Year: Mar 2017
Metric: ROE
Calculated: -2.7010
Source: 2.4400
Difference: 5.1410
Category: DATA_SOURCE_ISSUE
Explanation: Source financial inputs produce a materially different ratio-engine result. The specified formula is retained for analytics; the source ratio is retained for display/reference.
--------------------------------------------------------------------------------
Company: NAUKRI
Year: Mar 2018
Metric: ROCE
Calculated: 10.7038
Source: 3.6500
Difference: 7.0538
Category: DATA_SOURCE_ISSUE
Explanation: Source financial inputs produce a materially different ratio-engine result. The specified formula is retained for analytics; the source ratio is retained for display/reference.
--------------------------------------------------------------------------------
Company: NAUKRI
Year: Mar 2018
Metric: ROE
Calculated: 24.4988
Source: 2.4400
Difference: 22.0588
Category: DATA_SOURCE_ISSUE
Explanation: Source financial inputs produce a materially different ratio-engine result. The specified formula is retained for analytics; the source ratio is retained for display/reference.
--------------------------------------------------------------------------------
Company: NAUKRI
Year: Mar 2019
Metric: ROE
Calculated: 23.2796
Source: 2.4400
Difference: 20.8396
Category: DATA_SOURCE_ISSUE
Explanation: Source financial inputs produce a materially different ratio-engine result. The specified formula is retained for analytics; the source ratio is retained for display/reference.
--------------------------------------------------------------------------------
Company: NAUKRI
Year: Mar 2020
Metric: ROCE
Calculated: -15.4049
Source: 3.6500
Difference: 19.0549
Category: DATA_SOURCE_ISSUE
Explanation: Source financial inputs produce a materially different ratio-engine result. The specified formula is retained for analytics; the source ratio is retained for display/reference.
--------------------------------------------------------------------------------
Company: NAUKRI
Year: Mar 2020
Metric: ROE
Calculated: -11.2073
Source: 2.4400
Difference: 13.6473
Category: DATA_SOURCE_ISSUE
Explanation: Source financial inputs produce a materially different ratio-engine result. The specified formula is retained for analytics; the source ratio is retained for display/reference.
--------------------------------------------------------------------------------
Company: NAUKRI
Year: Mar 2021
Metric: ROE
Calculated: 26.2787
Source: 2.4400
Difference: 23.8387
Category: DATA_SOURCE_ISSUE
Explanation: Source financial inputs produce a materially different ratio-engine result. The specified formula is retained for analytics; the source ratio is retained for display/reference.
--------------------------------------------------------------------------------
Company: NAUKRI
Year: Mar 2022
Metric: ROE
Calculated: 74.7129
Source: 2.4400
Difference: 72.2729
Category: DATA_SOURCE_ISSUE
Explanation: Source financial inputs produce a materially different ratio-engine result. The specified formula is retained for analytics; the source ratio is retained for display/reference.
--------------------------------------------------------------------------------
Company: NESTLEIND
Year: Dec 2013
Metric: ROCE
Calculated: 54.7653
Source: 185.4300
Difference: 130.6647
Category: DATA_SOURCE_ISSUE
Explanation: Source financial inputs produce a materially different ratio-engine result. The specified formula is retained for analytics; the source ratio is retained for display/reference.
--------------------------------------------------------------------------------
Company: NESTLEIND
Year: Dec 2013
Metric: ROE
Calculated: 47.1706
Source: 135.6100
Difference: 88.4394
Category: DATA_SOURCE_ISSUE
Explanation: Source financial inputs produce a materially different ratio-engine result. The specified formula is retained for analytics; the source ratio is retained for display/reference.
--------------------------------------------------------------------------------
Company: NESTLEIND
Year: Dec 2014
Metric: ROCE
Calculated: 71.3686
Source: 185.4300
Difference: 114.0614
Category: DATA_SOURCE_ISSUE
Explanation: Source financial inputs produce a materially different ratio-engine result. The specified formula is retained for analytics; the source ratio is retained for display/reference.
--------------------------------------------------------------------------------
Company: NESTLEIND
Year: Dec 2014
Metric: ROE
Calculated: 41.7695
Source: 135.6100
Difference: 93.8405
Category: DATA_SOURCE_ISSUE
Explanation: Source financial inputs produce a materially different ratio-engine result. The specified formula is retained for analytics; the source ratio is retained for display/reference.
--------------------------------------------------------------------------------
Company: NESTLEIND
Year: Dec 2015
Metric: ROCE
Calculated: 54.8501
Source: 185.4300
Difference: 130.5799
Category: DATA_SOURCE_ISSUE
Explanation: Source financial inputs produce a materially different ratio-engine result. The specified formula is retained for analytics; the source ratio is retained for display/reference.
--------------------------------------------------------------------------------
Company: NESTLEIND
Year: Dec 2015
Metric: ROE
Calculated: 19.9858
Source: 135.6100
Difference: 115.6242
Category: DATA_SOURCE_ISSUE
Explanation: Source financial inputs produce a materially different ratio-engine result. The specified formula is retained for analytics; the source ratio is retained for display/reference.
--------------------------------------------------------------------------------
Company: NESTLEIND
Year: Dec 2016
Metric: ROCE
Calculated: 55.8069
Source: 185.4300
Difference: 129.6231
Category: DATA_SOURCE_ISSUE
Explanation: Source financial inputs produce a materially different ratio-engine result. The specified formula is retained for analytics; the source ratio is retained for display/reference.
--------------------------------------------------------------------------------
Company: NESTLEIND
Year: Dec 2016
Metric: ROE
Calculated: 30.4997
Source: 135.6100
Difference: 105.1103
Category: DATA_SOURCE_ISSUE
Explanation: Source financial inputs produce a materially different ratio-engine result. The specified formula is retained for analytics; the source ratio is retained for display/reference.
--------------------------------------------------------------------------------
Company: NESTLEIND
Year: Dec 2017
Metric: ROCE
Calculated: 60.6946
Source: 185.4300
Difference: 124.7354
Category: DATA_SOURCE_ISSUE
Explanation: Source financial inputs produce a materially different ratio-engine result. The specified formula is retained for analytics; the source ratio is retained for display/reference.
--------------------------------------------------------------------------------
Company: NESTLEIND
Year: Dec 2017
Metric: ROE
Calculated: 35.8187
Source: 135.6100
Difference: 99.7913
Category: DATA_SOURCE_ISSUE
Explanation: Source financial inputs produce a materially different ratio-engine result. The specified formula is retained for analytics; the source ratio is retained for display/reference.
--------------------------------------------------------------------------------
Company: NESTLEIND
Year: Dec 2018
Metric: ROCE
Calculated: 70.6041
Source: 185.4300
Difference: 114.8259
Category: DATA_SOURCE_ISSUE
Explanation: Source financial inputs produce a materially different ratio-engine result. The specified formula is retained for analytics; the source ratio is retained for display/reference.
--------------------------------------------------------------------------------
Company: NESTLEIND
Year: Dec 2018
Metric: ROE
Calculated: 43.7517
Source: 135.6100
Difference: 91.8583
Category: DATA_SOURCE_ISSUE
Explanation: Source financial inputs produce a materially different ratio-engine result. The specified formula is retained for analytics; the source ratio is retained for display/reference.
--------------------------------------------------------------------------------
Company: NESTLEIND
Year: Dec 2019
Metric: ROCE
Calculated: 138.8704
Source: 185.4300
Difference: 46.5596
Category: DATA_SOURCE_ISSUE
Explanation: Source financial inputs produce a materially different ratio-engine result. The specified formula is retained for analytics; the source ratio is retained for display/reference.
--------------------------------------------------------------------------------
Company: NESTLEIND
Year: Dec 2019
Metric: ROE
Calculated: 102.6069
Source: 135.6100
Difference: 33.0031
Category: DATA_SOURCE_ISSUE
Explanation: Source financial inputs produce a materially different ratio-engine result. The specified formula is retained for analytics; the source ratio is retained for display/reference.
--------------------------------------------------------------------------------
Company: NESTLEIND
Year: Dec 2020
Metric: ROCE
Calculated: 147.8301
Source: 185.4300
Difference: 37.5999
Category: DATA_SOURCE_ISSUE
Explanation: Source financial inputs produce a materially different ratio-engine result. The specified formula is retained for analytics; the source ratio is retained for display/reference.
--------------------------------------------------------------------------------
Company: NESTLEIND
Year: Dec 2020
Metric: ROE
Calculated: 103.1204
Source: 135.6100
Difference: 32.4896
Category: DATA_SOURCE_ISSUE
Explanation: Source financial inputs produce a materially different ratio-engine result. The specified formula is retained for analytics; the source ratio is retained for display/reference.
--------------------------------------------------------------------------------
Company: NESTLEIND
Year: Dec 2021
Metric: ROCE
Calculated: 161.0307
Source: 185.4300
Difference: 24.3993
Category: DATA_SOURCE_ISSUE
Explanation: Source financial inputs produce a materially different ratio-engine result. The specified formula is retained for analytics; the source ratio is retained for display/reference.
--------------------------------------------------------------------------------
Company: NESTLEIND
Year: Dec 2021
Metric: ROE
Calculated: 108.8386
Source: 135.6100
Difference: 26.7714
Category: DATA_SOURCE_ISSUE
Explanation: Source financial inputs produce a materially different ratio-engine result. The specified formula is retained for analytics; the source ratio is retained for display/reference.
--------------------------------------------------------------------------------
Company: NESTLEIND
Year: Dec 2022
Metric: ROCE
Calculated: 135.7509
Source: 185.4300
Difference: 49.6791
Category: DATA_SOURCE_ISSUE
Explanation: Source financial inputs produce a materially different ratio-engine result. The specified formula is retained for analytics; the source ratio is retained for display/reference.
--------------------------------------------------------------------------------
Company: NESTLEIND
Year: Dec 2022
Metric: ROE
Calculated: 97.2346
Source: 135.6100
Difference: 38.3754
Category: DATA_SOURCE_ISSUE
Explanation: Source financial inputs produce a materially different ratio-engine result. The specified formula is retained for analytics; the source ratio is retained for display/reference.
--------------------------------------------------------------------------------
Company: NESTLEIND
Year: Dec 2023
Metric: ROCE
Calculated: 163.7729
Source: 185.4300
Difference: 21.6571
Category: DATA_SOURCE_ISSUE
Explanation: Source financial inputs produce a materially different ratio-engine result. The specified formula is retained for analytics; the source ratio is retained for display/reference.
--------------------------------------------------------------------------------
Company: NESTLEIND
Year: Dec 2023
Metric: ROE
Calculated: 121.9601
Source: 135.6100
Difference: 13.6499
Category: DATA_SOURCE_ISSUE
Explanation: Source financial inputs produce a materially different ratio-engine result. The specified formula is retained for analytics; the source ratio is retained for display/reference.
--------------------------------------------------------------------------------
Company: NESTLEIND
Year: Mar 2024
Metric: ROCE
Calculated: 157.7476
Source: 185.4300
Difference: 27.6824
Category: DATA_SOURCE_ISSUE
Explanation: Source financial inputs produce a materially different ratio-engine result. The specified formula is retained for analytics; the source ratio is retained for display/reference.
--------------------------------------------------------------------------------
Company: NESTLEIND
Year: Mar 2024
Metric: ROE
Calculated: 117.7545
Source: 135.6100
Difference: 17.8555
Category: DATA_SOURCE_ISSUE
Explanation: Source financial inputs produce a materially different ratio-engine result. The specified formula is retained for analytics; the source ratio is retained for display/reference.
--------------------------------------------------------------------------------
Company: NESTLEIND
Year: Mar 2024
Metric: ROCE
Calculated: 133.3257
Source: 185.4300
Difference: 52.1043
Category: DATA_SOURCE_ISSUE
Explanation: Source financial inputs produce a materially different ratio-engine result. The specified formula is retained for analytics; the source ratio is retained for display/reference.
--------------------------------------------------------------------------------
Company: NESTLEIND
Year: Mar 2024
Metric: ROE
Calculated: 98.5714
Source: 135.6100
Difference: 37.0386
Category: DATA_SOURCE_ISSUE
Explanation: Source financial inputs produce a materially different ratio-engine result. The specified formula is retained for analytics; the source ratio is retained for display/reference.
--------------------------------------------------------------------------------
Company: ONGC
Year: Mar 2013
Metric: ROCE
Calculated: 25.1140
Source: 19.7100
Difference: 5.4040
Category: DATA_SOURCE_ISSUE
Explanation: Source financial inputs produce a materially different ratio-engine result. The specified formula is retained for analytics; the source ratio is retained for display/reference.
--------------------------------------------------------------------------------
Company: ONGC
Year: Mar 2016
Metric: ROE
Calculated: 6.6234
Source: 14.3200
Difference: 7.6966
Category: DATA_SOURCE_ISSUE
Explanation: Source financial inputs produce a materially different ratio-engine result. The specified formula is retained for analytics; the source ratio is retained for display/reference.
--------------------------------------------------------------------------------
Company: ONGC
Year: Mar 2020
Metric: ROE
Calculated: 5.5855
Source: 14.3200
Difference: 8.7345
Category: DATA_SOURCE_ISSUE
Explanation: Source financial inputs produce a materially different ratio-engine result. The specified formula is retained for analytics; the source ratio is retained for display/reference.
--------------------------------------------------------------------------------
Company: ONGC
Year: Mar 2021
Metric: ROCE
Calculated: 13.9688
Source: 19.7100
Difference: 5.7412
Category: DATA_SOURCE_ISSUE
Explanation: Source financial inputs produce a materially different ratio-engine result. The specified formula is retained for analytics; the source ratio is retained for display/reference.
--------------------------------------------------------------------------------
Company: PFC
Year: Mar 2013
Metric: ROCE
Calculated: 3.6696
Source: 9.9600
Difference: 6.2904
Category: DATA_SOURCE_ISSUE
Explanation: Source financial inputs produce a materially different ratio-engine result. The specified formula is retained for analytics; the source ratio is retained for display/reference.
--------------------------------------------------------------------------------
Company: PFC
Year: Mar 2014
Metric: ROCE
Calculated: 4.0736
Source: 9.9600
Difference: 5.8864
Category: DATA_SOURCE_ISSUE
Explanation: Source financial inputs produce a materially different ratio-engine result. The specified formula is retained for analytics; the source ratio is retained for display/reference.
--------------------------------------------------------------------------------
Company: PFC
Year: Mar 2015
Metric: ROCE
Calculated: 3.8278
Source: 9.9600
Difference: 6.1322
Category: DATA_SOURCE_ISSUE
Explanation: Source financial inputs produce a materially different ratio-engine result. The specified formula is retained for analytics; the source ratio is retained for display/reference.
--------------------------------------------------------------------------------
Company: PFC
Year: Mar 2016
Metric: ROCE
Calculated: 3.8709
Source: 9.9600
Difference: 6.0891
Category: DATA_SOURCE_ISSUE
Explanation: Source financial inputs produce a materially different ratio-engine result. The specified formula is retained for analytics; the source ratio is retained for display/reference.
--------------------------------------------------------------------------------
Company: PFC
Year: Mar 2017
Metric: ROCE
Calculated: 2.1994
Source: 9.9600
Difference: 7.7606
Category: DATA_SOURCE_ISSUE
Explanation: Source financial inputs produce a materially different ratio-engine result. The specified formula is retained for analytics; the source ratio is retained for display/reference.
--------------------------------------------------------------------------------
Company: PFC
Year: Mar 2017
Metric: ROE
Calculated: 6.0687
Source: 19.4900
Difference: 13.4213
Category: DATA_SOURCE_ISSUE
Explanation: Source financial inputs produce a materially different ratio-engine result. The specified formula is retained for analytics; the source ratio is retained for display/reference.
--------------------------------------------------------------------------------
Company: PFC
Year: Mar 2018
Metric: ROCE
Calculated: 2.4433
Source: 9.9600
Difference: 7.5167
Category: DATA_SOURCE_ISSUE
Explanation: Source financial inputs produce a materially different ratio-engine result. The specified formula is retained for analytics; the source ratio is retained for display/reference.
--------------------------------------------------------------------------------
Company: PFC
Year: Mar 2019
Metric: ROCE
Calculated: 3.0315
Source: 9.9600
Difference: 6.9285
Category: DATA_SOURCE_ISSUE
Explanation: Source financial inputs produce a materially different ratio-engine result. The specified formula is retained for analytics; the source ratio is retained for display/reference.
--------------------------------------------------------------------------------
Company: PFC
Year: Mar 2019
Metric: ROE
Calculated: 26.8246
Source: 19.4900
Difference: 7.3346
Category: DATA_SOURCE_ISSUE
Explanation: Source financial inputs produce a materially different ratio-engine result. The specified formula is retained for analytics; the source ratio is retained for display/reference.
--------------------------------------------------------------------------------
Company: PFC
Year: Mar 2020
Metric: ROCE
Calculated: 2.1692
Source: 9.9600
Difference: 7.7908
Category: DATA_SOURCE_ISSUE
Explanation: Source financial inputs produce a materially different ratio-engine result. The specified formula is retained for analytics; the source ratio is retained for display/reference.
--------------------------------------------------------------------------------
Company: PFC
Year: Mar 2021
Metric: ROCE
Calculated: 2.7581
Source: 9.9600
Difference: 7.2019
Category: DATA_SOURCE_ISSUE
Explanation: Source financial inputs produce a materially different ratio-engine result. The specified formula is retained for analytics; the source ratio is retained for display/reference.
--------------------------------------------------------------------------------
Company: PFC
Year: Mar 2021
Metric: ROE
Calculated: 25.8627
Source: 19.4900
Difference: 6.3727
Category: DATA_SOURCE_ISSUE
Explanation: Source financial inputs produce a materially different ratio-engine result. The specified formula is retained for analytics; the source ratio is retained for display/reference.
--------------------------------------------------------------------------------
Company: PFC
Year: Mar 2022
Metric: ROCE
Calculated: 3.1876
Source: 9.9600
Difference: 6.7724
Category: DATA_SOURCE_ISSUE
Explanation: Source financial inputs produce a materially different ratio-engine result. The specified formula is retained for analytics; the source ratio is retained for display/reference.
--------------------------------------------------------------------------------
Company: PFC
Year: Mar 2022
Metric: ROE
Calculated: 26.1845
Source: 19.4900
Difference: 6.6945
Category: DATA_SOURCE_ISSUE
Explanation: Source financial inputs produce a materially different ratio-engine result. The specified formula is retained for analytics; the source ratio is retained for display/reference.
--------------------------------------------------------------------------------
Company: PFC
Year: Mar 2023
Metric: ROCE
Calculated: 3.1726
Source: 9.9600
Difference: 6.7874
Category: DATA_SOURCE_ISSUE
Explanation: Source financial inputs produce a materially different ratio-engine result. The specified formula is retained for analytics; the source ratio is retained for display/reference.
--------------------------------------------------------------------------------
Company: PFC
Year: Mar 2023
Metric: ROE
Calculated: 25.1658
Source: 19.4900
Difference: 5.6758
Category: DATA_SOURCE_ISSUE
Explanation: Source financial inputs produce a materially different ratio-engine result. The specified formula is retained for analytics; the source ratio is retained for display/reference.
--------------------------------------------------------------------------------
Company: PFC
Year: Mar 2024
Metric: ROCE
Calculated: 3.4859
Source: 9.9600
Difference: 6.4741
Category: DATA_SOURCE_ISSUE
Explanation: Source financial inputs produce a materially different ratio-engine result. The specified formula is retained for analytics; the source ratio is retained for display/reference.
--------------------------------------------------------------------------------
Company: PFC
Year: Mar 2024
Metric: ROE
Calculated: 26.1609
Source: 19.4900
Difference: 6.6709
Category: DATA_SOURCE_ISSUE
Explanation: Source financial inputs produce a materially different ratio-engine result. The specified formula is retained for analytics; the source ratio is retained for display/reference.
--------------------------------------------------------------------------------
Company: PFC
Year: Mar 2024
Metric: ROCE
Calculated: 3.2899
Source: 9.9600
Difference: 6.6701
Category: DATA_SOURCE_ISSUE
Explanation: Source financial inputs produce a materially different ratio-engine result. The specified formula is retained for analytics; the source ratio is retained for display/reference.
--------------------------------------------------------------------------------
Company: PIDILITIND
Year: Mar 2016
Metric: ROCE
Calculated: 43.1567
Source: 29.7000
Difference: 13.4567
Category: DATA_SOURCE_ISSUE
Explanation: Source financial inputs produce a materially different ratio-engine result. The specified formula is retained for analytics; the source ratio is retained for display/reference.
--------------------------------------------------------------------------------
Company: PIDILITIND
Year: Mar 2016
Metric: ROE
Calculated: 30.5914
Source: 22.8000
Difference: 7.7914
Category: DATA_SOURCE_ISSUE
Explanation: Source financial inputs produce a materially different ratio-engine result. The specified formula is retained for analytics; the source ratio is retained for display/reference.
--------------------------------------------------------------------------------
Company: PIDILITIND
Year: Mar 2017
Metric: ROCE
Calculated: 35.3600
Source: 29.7000
Difference: 5.6600
Category: DATA_SOURCE_ISSUE
Explanation: Source financial inputs produce a materially different ratio-engine result. The specified formula is retained for analytics; the source ratio is retained for display/reference.
--------------------------------------------------------------------------------
Company: PIDILITIND
Year: Mar 2018
Metric: ROCE
Calculated: 36.2530
Source: 29.7000
Difference: 6.5530
Category: DATA_SOURCE_ISSUE
Explanation: Source financial inputs produce a materially different ratio-engine result. The specified formula is retained for analytics; the source ratio is retained for display/reference.
--------------------------------------------------------------------------------
Company: PNB
Year: Mar 2013
Metric: ROE
Calculated: 812.2977
Source: 8.7000
Difference: 803.5977
Category: DATA_SOURCE_ISSUE
Explanation: Source financial inputs produce a materially different ratio-engine result. The specified formula is retained for analytics; the source ratio is retained for display/reference.
--------------------------------------------------------------------------------
Company: PNB
Year: Mar 2014
Metric: ROE
Calculated: 393.3619
Source: 8.7000
Difference: 384.6619
Category: DATA_SOURCE_ISSUE
Explanation: Source financial inputs produce a materially different ratio-engine result. The specified formula is retained for analytics; the source ratio is retained for display/reference.
--------------------------------------------------------------------------------
Company: PNB
Year: Mar 2015
Metric: ROE
Calculated: 223.2426
Source: 8.7000
Difference: 214.5426
Category: DATA_SOURCE_ISSUE
Explanation: Source financial inputs produce a materially different ratio-engine result. The specified formula is retained for analytics; the source ratio is retained for display/reference.
--------------------------------------------------------------------------------
Company: PNB
Year: Mar 2016
Metric: ROE
Calculated: -163.5601
Source: 8.7000
Difference: 172.2601
Category: DATA_SOURCE_ISSUE
Explanation: Source financial inputs produce a materially different ratio-engine result. The specified formula is retained for analytics; the source ratio is retained for display/reference.
--------------------------------------------------------------------------------
Company: PNB
Year: Mar 2017
Metric: ROE
Calculated: 22.2123
Source: 8.7000
Difference: 13.5123
Category: DATA_SOURCE_ISSUE
Explanation: Source financial inputs produce a materially different ratio-engine result. The specified formula is retained for analytics; the source ratio is retained for display/reference.
--------------------------------------------------------------------------------
Company: PNB
Year: Mar 2018
Metric: ROE
Calculated: -184.3660
Source: 8.7000
Difference: 193.0660
Category: DATA_SOURCE_ISSUE
Explanation: Source financial inputs produce a materially different ratio-engine result. The specified formula is retained for analytics; the source ratio is retained for display/reference.
--------------------------------------------------------------------------------
Company: PNB
Year: Mar 2019
Metric: ROE
Calculated: -128.4465
Source: 8.7000
Difference: 137.1465
Category: DATA_SOURCE_ISSUE
Explanation: Source financial inputs produce a materially different ratio-engine result. The specified formula is retained for analytics; the source ratio is retained for display/reference.
--------------------------------------------------------------------------------
Company: PNB
Year: Mar 2021
Metric: ROE
Calculated: 30.3936
Source: 8.7000
Difference: 21.6936
Category: DATA_SOURCE_ISSUE
Explanation: Source financial inputs produce a materially different ratio-engine result. The specified formula is retained for analytics; the source ratio is retained for display/reference.
--------------------------------------------------------------------------------
Company: PNB
Year: Mar 2022
Metric: ROE
Calculated: 39.8735
Source: 8.7000
Difference: 31.1735
Category: DATA_SOURCE_ISSUE
Explanation: Source financial inputs produce a materially different ratio-engine result. The specified formula is retained for analytics; the source ratio is retained for display/reference.
--------------------------------------------------------------------------------
Company: PNB
Year: Mar 2023
Metric: ROE
Calculated: 30.6674
Source: 8.7000
Difference: 21.9674
Category: DATA_SOURCE_ISSUE
Explanation: Source financial inputs produce a materially different ratio-engine result. The specified formula is retained for analytics; the source ratio is retained for display/reference.
--------------------------------------------------------------------------------
Company: PNB
Year: Mar 2024
Metric: ROE
Calculated: 61.3206
Source: 8.7000
Difference: 52.6206
Category: DATA_SOURCE_ISSUE
Explanation: Source financial inputs produce a materially different ratio-engine result. The specified formula is retained for analytics; the source ratio is retained for display/reference.
--------------------------------------------------------------------------------
Company: POWERGRID
Year: Mar 2014
Metric: ROE
Calculated: 13.1074
Source: 19.0000
Difference: 5.8926
Category: DATA_SOURCE_ISSUE
Explanation: Source financial inputs produce a materially different ratio-engine result. The specified formula is retained for analytics; the source ratio is retained for display/reference.
--------------------------------------------------------------------------------
Company: POWERGRID
Year: Mar 2015
Metric: ROE
Calculated: 13.1273
Source: 19.0000
Difference: 5.8727
Category: DATA_SOURCE_ISSUE
Explanation: Source financial inputs produce a materially different ratio-engine result. The specified formula is retained for analytics; the source ratio is retained for display/reference.
--------------------------------------------------------------------------------
Company: POWERGRID
Year: Mar 2016
Metric: ROE
Calculated: 13.5524
Source: 19.0000
Difference: 5.4476
Category: DATA_SOURCE_ISSUE
Explanation: Source financial inputs produce a materially different ratio-engine result. The specified formula is retained for analytics; the source ratio is retained for display/reference.
--------------------------------------------------------------------------------
Company: POWERGRID
Year: Mar 2023
Metric: ROCE
Calculated: 18.7023
Source: 13.2000
Difference: 5.5023
Category: DATA_SOURCE_ISSUE
Explanation: Source financial inputs produce a materially different ratio-engine result. The specified formula is retained for analytics; the source ratio is retained for display/reference.
--------------------------------------------------------------------------------
Company: POWERGRID
Year: Mar 2024
Metric: ROCE
Calculated: 18.9052
Source: 13.2000
Difference: 5.7052
Category: DATA_SOURCE_ISSUE
Explanation: Source financial inputs produce a materially different ratio-engine result. The specified formula is retained for analytics; the source ratio is retained for display/reference.
--------------------------------------------------------------------------------
Company: POWERGRID
Year: Mar 2024
Metric: ROCE
Calculated: 18.5557
Source: 13.2000
Difference: 5.3557
Category: DATA_SOURCE_ISSUE
Explanation: Source financial inputs produce a materially different ratio-engine result. The specified formula is retained for analytics; the source ratio is retained for display/reference.
--------------------------------------------------------------------------------
Company: RECLTD
Year: Mar 2018
Metric: ROE
Calculated: 13.6584
Source: 22.2000
Difference: 8.5416
Category: DATA_SOURCE_ISSUE
Explanation: Source financial inputs produce a materially different ratio-engine result. The specified formula is retained for analytics; the source ratio is retained for display/reference.
--------------------------------------------------------------------------------
Company: RECLTD
Year: Mar 2019
Metric: ROE
Calculated: 16.6184
Source: 22.2000
Difference: 5.5816
Category: DATA_SOURCE_ISSUE
Explanation: Source financial inputs produce a materially different ratio-engine result. The specified formula is retained for analytics; the source ratio is retained for display/reference.
--------------------------------------------------------------------------------
Company: RECLTD
Year: Mar 2020
Metric: ROE
Calculated: 14.0464
Source: 22.2000
Difference: 8.1536
Category: DATA_SOURCE_ISSUE
Explanation: Source financial inputs produce a materially different ratio-engine result. The specified formula is retained for analytics; the source ratio is retained for display/reference.
--------------------------------------------------------------------------------
Company: SBILIFE
Year: Mar 2013
Metric: ROE
Calculated: 23.0263
Source: 12.0000
Difference: 11.0263
Category: DATA_SOURCE_ISSUE
Explanation: Source financial inputs produce a materially different ratio-engine result. The specified formula is retained for analytics; the source ratio is retained for display/reference.
--------------------------------------------------------------------------------
Company: SBILIFE
Year: Mar 2014
Metric: ROE
Calculated: 21.6925
Source: 12.0000
Difference: 9.6925
Category: DATA_SOURCE_ISSUE
Explanation: Source financial inputs produce a materially different ratio-engine result. The specified formula is retained for analytics; the source ratio is retained for display/reference.
--------------------------------------------------------------------------------
Company: SBILIFE
Year: Mar 2015
Metric: ROCE
Calculated: 19.5759
Source: 13.2000
Difference: 6.3759
Category: DATA_SOURCE_ISSUE
Explanation: Source financial inputs produce a materially different ratio-engine result. The specified formula is retained for analytics; the source ratio is retained for display/reference.
--------------------------------------------------------------------------------
Company: SBILIFE
Year: Mar 2015
Metric: ROE
Calculated: 20.0937
Source: 12.0000
Difference: 8.0937
Category: DATA_SOURCE_ISSUE
Explanation: Source financial inputs produce a materially different ratio-engine result. The specified formula is retained for analytics; the source ratio is retained for display/reference.
--------------------------------------------------------------------------------
Company: SBILIFE
Year: Mar 2016
Metric: ROCE
Calculated: 19.4380
Source: 13.2000
Difference: 6.2380
Category: DATA_SOURCE_ISSUE
Explanation: Source financial inputs produce a materially different ratio-engine result. The specified formula is retained for analytics; the source ratio is retained for display/reference.
--------------------------------------------------------------------------------
Company: SBILIFE
Year: Mar 2016
Metric: ROE
Calculated: 17.8322
Source: 12.0000
Difference: 5.8322
Category: DATA_SOURCE_ISSUE
Explanation: Source financial inputs produce a materially different ratio-engine result. The specified formula is retained for analytics; the source ratio is retained for display/reference.
--------------------------------------------------------------------------------
Company: SBILIFE
Year: Mar 2017
Metric: ROCE
Calculated: 19.2363
Source: 13.2000
Difference: 6.0363
Category: DATA_SOURCE_ISSUE
Explanation: Source financial inputs produce a materially different ratio-engine result. The specified formula is retained for analytics; the source ratio is retained for display/reference.
--------------------------------------------------------------------------------
Company: SBILIFE
Year: Mar 2017
Metric: ROE
Calculated: 17.2010
Source: 12.0000
Difference: 5.2010
Category: DATA_SOURCE_ISSUE
Explanation: Source financial inputs produce a materially different ratio-engine result. The specified formula is retained for analytics; the source ratio is retained for display/reference.
--------------------------------------------------------------------------------
Company: SBILIFE
Year: Mar 2018
Metric: ROCE
Calculated: 20.4044
Source: 13.2000
Difference: 7.2044
Category: DATA_SOURCE_ISSUE
Explanation: Source financial inputs produce a materially different ratio-engine result. The specified formula is retained for analytics; the source ratio is retained for display/reference.
--------------------------------------------------------------------------------
Company: SBILIFE
Year: Mar 2018
Metric: ROE
Calculated: 17.6164
Source: 12.0000
Difference: 5.6164
Category: DATA_SOURCE_ISSUE
Explanation: Source financial inputs produce a materially different ratio-engine result. The specified formula is retained for analytics; the source ratio is retained for display/reference.
--------------------------------------------------------------------------------
Company: SBILIFE
Year: Mar 2019
Metric: ROCE
Calculated: 19.4562
Source: 13.2000
Difference: 6.2562
Category: DATA_SOURCE_ISSUE
Explanation: Source financial inputs produce a materially different ratio-engine result. The specified formula is retained for analytics; the source ratio is retained for display/reference.
--------------------------------------------------------------------------------
Company: SBILIFE
Year: Mar 2019
Metric: ROE
Calculated: 17.5158
Source: 12.0000
Difference: 5.5158
Category: DATA_SOURCE_ISSUE
Explanation: Source financial inputs produce a materially different ratio-engine result. The specified formula is retained for analytics; the source ratio is retained for display/reference.
--------------------------------------------------------------------------------
Company: SBILIFE
Year: Mar 2022
Metric: ROCE
Calculated: 6.2812
Source: 13.2000
Difference: 6.9188
Category: DATA_SOURCE_ISSUE
Explanation: Source financial inputs produce a materially different ratio-engine result. The specified formula is retained for analytics; the source ratio is retained for display/reference.
--------------------------------------------------------------------------------
Company: SBILIFE
Year: Mar 2023
Metric: ROCE
Calculated: 0.9372
Source: 13.2000
Difference: 12.2628
Category: DATA_SOURCE_ISSUE
Explanation: Source financial inputs produce a materially different ratio-engine result. The specified formula is retained for analytics; the source ratio is retained for display/reference.
--------------------------------------------------------------------------------
Company: SBILIFE
Year: Mar 2024
Metric: ROCE
Calculated: 1.6501
Source: 13.2000
Difference: 11.5499
Category: DATA_SOURCE_ISSUE
Explanation: Source financial inputs produce a materially different ratio-engine result. The specified formula is retained for analytics; the source ratio is retained for display/reference.
--------------------------------------------------------------------------------
Company: SBILIFE
Year: Mar 2024
Metric: ROCE
Calculated: 1.5130
Source: 13.2000
Difference: 11.6870
Category: DATA_SOURCE_ISSUE
Explanation: Source financial inputs produce a materially different ratio-engine result. The specified formula is retained for analytics; the source ratio is retained for display/reference.
--------------------------------------------------------------------------------
Company: SHREECEM
Year: Jun 2013
Metric: ROCE
Calculated: 30.4170
Source: 14.8000
Difference: 15.6170
Category: DATA_SOURCE_ISSUE
Explanation: Source financial inputs produce a materially different ratio-engine result. The specified formula is retained for analytics; the source ratio is retained for display/reference.
--------------------------------------------------------------------------------
Company: SHREECEM
Year: Jun 2013
Metric: ROE
Calculated: 26.1186
Source: 12.2000
Difference: 13.9186
Category: DATA_SOURCE_ISSUE
Explanation: Source financial inputs produce a materially different ratio-engine result. The specified formula is retained for analytics; the source ratio is retained for display/reference.
--------------------------------------------------------------------------------
Company: SHREECEM
Year: Jun 2014
Metric: ROCE
Calculated: 23.5155
Source: 14.8000
Difference: 8.7155
Category: DATA_SOURCE_ISSUE
Explanation: Source financial inputs produce a materially different ratio-engine result. The specified formula is retained for analytics; the source ratio is retained for display/reference.
--------------------------------------------------------------------------------
Company: SHREECEM
Year: Jun 2015
Metric: ROCE
Calculated: 21.7019
Source: 14.8000
Difference: 6.9019
Category: DATA_SOURCE_ISSUE
Explanation: Source financial inputs produce a materially different ratio-engine result. The specified formula is retained for analytics; the source ratio is retained for display/reference.
--------------------------------------------------------------------------------
Company: SHREECEM
Year: Mar 2017
Metric: ROCE
Calculated: 27.9502
Source: 14.8000
Difference: 13.1502
Category: DATA_SOURCE_ISSUE
Explanation: Source financial inputs produce a materially different ratio-engine result. The specified formula is retained for analytics; the source ratio is retained for display/reference.
--------------------------------------------------------------------------------
Company: SHREECEM
Year: Mar 2017
Metric: ROE
Calculated: 17.3941
Source: 12.2000
Difference: 5.1941
Category: DATA_SOURCE_ISSUE
Explanation: Source financial inputs produce a materially different ratio-engine result. The specified formula is retained for analytics; the source ratio is retained for display/reference.
--------------------------------------------------------------------------------
Company: SHREECEM
Year: Mar 2018
Metric: ROCE
Calculated: 20.1057
Source: 14.8000
Difference: 5.3057
Category: DATA_SOURCE_ISSUE
Explanation: Source financial inputs produce a materially different ratio-engine result. The specified formula is retained for analytics; the source ratio is retained for display/reference.
--------------------------------------------------------------------------------
Company: SHREECEM
Year: Mar 2019
Metric: ROCE
Calculated: 22.4226
Source: 14.8000
Difference: 7.6226
Category: DATA_SOURCE_ISSUE
Explanation: Source financial inputs produce a materially different ratio-engine result. The specified formula is retained for analytics; the source ratio is retained for display/reference.
--------------------------------------------------------------------------------
Company: SHREECEM
Year: Mar 2020
Metric: ROCE
Calculated: 23.1137
Source: 14.8000
Difference: 8.3137
Category: DATA_SOURCE_ISSUE
Explanation: Source financial inputs produce a materially different ratio-engine result. The specified formula is retained for analytics; the source ratio is retained for display/reference.
--------------------------------------------------------------------------------
Company: SHREECEM
Year: Mar 2021
Metric: ROCE
Calculated: 23.2087
Source: 14.8000
Difference: 8.4087
Category: DATA_SOURCE_ISSUE
Explanation: Source financial inputs produce a materially different ratio-engine result. The specified formula is retained for analytics; the source ratio is retained for display/reference.
--------------------------------------------------------------------------------
Company: SHREECEM
Year: Mar 2024
Metric: ROCE
Calculated: 20.2066
Source: 14.8000
Difference: 5.4066
Category: DATA_SOURCE_ISSUE
Explanation: Source financial inputs produce a materially different ratio-engine result. The specified formula is retained for analytics; the source ratio is retained for display/reference.
--------------------------------------------------------------------------------
Company: SHREECEM
Year: Mar 2024
Metric: ROCE
Calculated: 20.0257
Source: 14.8000
Difference: 5.2257
Category: DATA_SOURCE_ISSUE
Explanation: Source financial inputs produce a materially different ratio-engine result. The specified formula is retained for analytics; the source ratio is retained for display/reference.
--------------------------------------------------------------------------------
Company: SHRIRAMFIN
Year: Mar 2013
Metric: ROCE
Calculated: 5.3507
Source: 11.3000
Difference: 5.9493
Category: DATA_SOURCE_ISSUE
Explanation: Source financial inputs produce a materially different ratio-engine result. The specified formula is retained for analytics; the source ratio is retained for display/reference.
--------------------------------------------------------------------------------
Company: SHRIRAMFIN
Year: Mar 2014
Metric: ROCE
Calculated: 4.2406
Source: 11.3000
Difference: 7.0594
Category: DATA_SOURCE_ISSUE
Explanation: Source financial inputs produce a materially different ratio-engine result. The specified formula is retained for analytics; the source ratio is retained for display/reference.
--------------------------------------------------------------------------------
Company: SHRIRAMFIN
Year: Mar 2015
Metric: ROCE
Calculated: 3.0217
Source: 11.3000
Difference: 8.2783
Category: DATA_SOURCE_ISSUE
Explanation: Source financial inputs produce a materially different ratio-engine result. The specified formula is retained for analytics; the source ratio is retained for display/reference.
--------------------------------------------------------------------------------
Company: SHRIRAMFIN
Year: Mar 2016
Metric: ROCE
Calculated: 3.0417
Source: 11.3000
Difference: 8.2583
Category: DATA_SOURCE_ISSUE
Explanation: Source financial inputs produce a materially different ratio-engine result. The specified formula is retained for analytics; the source ratio is retained for display/reference.
--------------------------------------------------------------------------------
Company: SHRIRAMFIN
Year: Mar 2017
Metric: ROCE
Calculated: 3.0615
Source: 11.3000
Difference: 8.2385
Category: DATA_SOURCE_ISSUE
Explanation: Source financial inputs produce a materially different ratio-engine result. The specified formula is retained for analytics; the source ratio is retained for display/reference.
--------------------------------------------------------------------------------
Company: SHRIRAMFIN
Year: Mar 2018
Metric: ROCE
Calculated: 3.9709
Source: 11.3000
Difference: 7.3291
Category: DATA_SOURCE_ISSUE
Explanation: Source financial inputs produce a materially different ratio-engine result. The specified formula is retained for analytics; the source ratio is retained for display/reference.
--------------------------------------------------------------------------------
Company: SHRIRAMFIN
Year: Mar 2019
Metric: ROCE
Calculated: 3.6591
Source: 11.3000
Difference: 7.6409
Category: DATA_SOURCE_ISSUE
Explanation: Source financial inputs produce a materially different ratio-engine result. The specified formula is retained for analytics; the source ratio is retained for display/reference.
--------------------------------------------------------------------------------
Company: SHRIRAMFIN
Year: Mar 2020
Metric: ROCE
Calculated: 3.1583
Source: 11.3000
Difference: 8.1417
Category: DATA_SOURCE_ISSUE
Explanation: Source financial inputs produce a materially different ratio-engine result. The specified formula is retained for analytics; the source ratio is retained for display/reference.
--------------------------------------------------------------------------------
Company: SHRIRAMFIN
Year: Mar 2021
Metric: ROCE
Calculated: 2.6524
Source: 11.3000
Difference: 8.6476
Category: DATA_SOURCE_ISSUE
Explanation: Source financial inputs produce a materially different ratio-engine result. The specified formula is retained for analytics; the source ratio is retained for display/reference.
--------------------------------------------------------------------------------
Company: SHRIRAMFIN
Year: Mar 2022
Metric: ROCE
Calculated: 2.6011
Source: 11.3000
Difference: 8.6989
Category: DATA_SOURCE_ISSUE
Explanation: Source financial inputs produce a materially different ratio-engine result. The specified formula is retained for analytics; the source ratio is retained for display/reference.
--------------------------------------------------------------------------------
Company: SHRIRAMFIN
Year: Mar 2022
Metric: ROE
Calculated: 10.4273
Source: 15.9000
Difference: 5.4727
Category: DATA_SOURCE_ISSUE
Explanation: Source financial inputs produce a materially different ratio-engine result. The specified formula is retained for analytics; the source ratio is retained for display/reference.
--------------------------------------------------------------------------------
Company: SHRIRAMFIN
Year: Mar 2023
Metric: ROCE
Calculated: 4.2361
Source: 11.3000
Difference: 7.0639
Category: DATA_SOURCE_ISSUE
Explanation: Source financial inputs produce a materially different ratio-engine result. The specified formula is retained for analytics; the source ratio is retained for display/reference.
--------------------------------------------------------------------------------
Company: SHRIRAMFIN
Year: Mar 2024
Metric: ROCE
Calculated: 4.3049
Source: 11.3000
Difference: 6.9951
Category: DATA_SOURCE_ISSUE
Explanation: Source financial inputs produce a materially different ratio-engine result. The specified formula is retained for analytics; the source ratio is retained for display/reference.
--------------------------------------------------------------------------------
Company: SHRIRAMFIN
Year: Mar 2024
Metric: ROCE
Calculated: 4.0440
Source: 11.3000
Difference: 7.2560
Category: DATA_SOURCE_ISSUE
Explanation: Source financial inputs produce a materially different ratio-engine result. The specified formula is retained for analytics; the source ratio is retained for display/reference.
--------------------------------------------------------------------------------
Company: SIEMENS
Year: Sep 2011
Metric: ROCE
Calculated: 30.6866
Source: 25.6000
Difference: 5.0866
Category: DATA_SOURCE_ISSUE
Explanation: Source financial inputs produce a materially different ratio-engine result. The specified formula is retained for analytics; the source ratio is retained for display/reference.
--------------------------------------------------------------------------------
Company: SIEMENS
Year: Sep 2014
Metric: ROCE
Calculated: 2.7200
Source: 25.6000
Difference: 22.8800
Category: DATA_SOURCE_ISSUE
Explanation: Source financial inputs produce a materially different ratio-engine result. The specified formula is retained for analytics; the source ratio is retained for display/reference.
--------------------------------------------------------------------------------
Company: SIEMENS
Year: Sep 2014
Metric: ROE
Calculated: 13.7829
Source: 19.1000
Difference: 5.3171
Category: DATA_SOURCE_ISSUE
Explanation: Source financial inputs produce a materially different ratio-engine result. The specified formula is retained for analytics; the source ratio is retained for display/reference.
--------------------------------------------------------------------------------
Company: SIEMENS
Year: Sep 2015
Metric: ROCE
Calculated: 19.4088
Source: 25.6000
Difference: 6.1912
Category: DATA_SOURCE_ISSUE
Explanation: Source financial inputs produce a materially different ratio-engine result. The specified formula is retained for analytics; the source ratio is retained for display/reference.
--------------------------------------------------------------------------------
Company: SIEMENS
Year: Sep 2016
Metric: ROCE
Calculated: 14.9531
Source: 25.6000
Difference: 10.6469
Category: DATA_SOURCE_ISSUE
Explanation: Source financial inputs produce a materially different ratio-engine result. The specified formula is retained for analytics; the source ratio is retained for display/reference.
--------------------------------------------------------------------------------
Company: SIEMENS
Year: Sep 2016
Metric: ROE
Calculated: 42.8340
Source: 19.1000
Difference: 23.7340
Category: DATA_SOURCE_ISSUE
Explanation: Source financial inputs produce a materially different ratio-engine result. The specified formula is retained for analytics; the source ratio is retained for display/reference.
--------------------------------------------------------------------------------
Company: SIEMENS
Year: Sep 2017
Metric: ROCE
Calculated: 13.7321
Source: 25.6000
Difference: 11.8679
Category: DATA_SOURCE_ISSUE
Explanation: Source financial inputs produce a materially different ratio-engine result. The specified formula is retained for analytics; the source ratio is retained for display/reference.
--------------------------------------------------------------------------------
Company: SIEMENS
Year: Sep 2018
Metric: ROCE
Calculated: 15.9899
Source: 25.6000
Difference: 9.6101
Category: DATA_SOURCE_ISSUE
Explanation: Source financial inputs produce a materially different ratio-engine result. The specified formula is retained for analytics; the source ratio is retained for display/reference.
--------------------------------------------------------------------------------
Company: SIEMENS
Year: Sep 2018
Metric: ROE
Calculated: 10.8567
Source: 19.1000
Difference: 8.2433
Category: DATA_SOURCE_ISSUE
Explanation: Source financial inputs produce a materially different ratio-engine result. The specified formula is retained for analytics; the source ratio is retained for display/reference.
--------------------------------------------------------------------------------
Company: SIEMENS
Year: Sep 2019
Metric: ROCE
Calculated: 16.4659
Source: 25.6000
Difference: 9.1341
Category: DATA_SOURCE_ISSUE
Explanation: Source financial inputs produce a materially different ratio-engine result. The specified formula is retained for analytics; the source ratio is retained for display/reference.
--------------------------------------------------------------------------------
Company: SIEMENS
Year: Sep 2019
Metric: ROE
Calculated: 12.1450
Source: 19.1000
Difference: 6.9550
Category: DATA_SOURCE_ISSUE
Explanation: Source financial inputs produce a materially different ratio-engine result. The specified formula is retained for analytics; the source ratio is retained for display/reference.
--------------------------------------------------------------------------------
Company: SIEMENS
Year: Sep 2020
Metric: ROCE
Calculated: 10.5668
Source: 25.6000
Difference: 15.0332
Category: DATA_SOURCE_ISSUE
Explanation: Source financial inputs produce a materially different ratio-engine result. The specified formula is retained for analytics; the source ratio is retained for display/reference.
--------------------------------------------------------------------------------
Company: SIEMENS
Year: Sep 2020
Metric: ROE
Calculated: 8.1016
Source: 19.1000
Difference: 10.9984
Category: DATA_SOURCE_ISSUE
Explanation: Source financial inputs produce a materially different ratio-engine result. The specified formula is retained for analytics; the source ratio is retained for display/reference.
--------------------------------------------------------------------------------
Company: SIEMENS
Year: Sep 2021
Metric: ROCE
Calculated: 14.0276
Source: 25.6000
Difference: 11.5724
Category: DATA_SOURCE_ISSUE
Explanation: Source financial inputs produce a materially different ratio-engine result. The specified formula is retained for analytics; the source ratio is retained for display/reference.
--------------------------------------------------------------------------------
Company: SIEMENS
Year: Sep 2021
Metric: ROE
Calculated: 10.5248
Source: 19.1000
Difference: 8.5752
Category: DATA_SOURCE_ISSUE
Explanation: Source financial inputs produce a materially different ratio-engine result. The specified formula is retained for analytics; the source ratio is retained for display/reference.
--------------------------------------------------------------------------------
Company: SIEMENS
Year: Sep 2022
Metric: ROCE
Calculated: 15.7734
Source: 25.6000
Difference: 9.8266
Category: DATA_SOURCE_ISSUE
Explanation: Source financial inputs produce a materially different ratio-engine result. The specified formula is retained for analytics; the source ratio is retained for display/reference.
--------------------------------------------------------------------------------
Company: SIEMENS
Year: Sep 2022
Metric: ROE
Calculated: 13.2903
Source: 19.1000
Difference: 5.8097
Category: DATA_SOURCE_ISSUE
Explanation: Source financial inputs produce a materially different ratio-engine result. The specified formula is retained for analytics; the source ratio is retained for display/reference.
--------------------------------------------------------------------------------
Company: SIEMENS
Year: Sep 2023
Metric: ROCE
Calculated: 18.7528
Source: 25.6000
Difference: 6.8472
Category: DATA_SOURCE_ISSUE
Explanation: Source financial inputs produce a materially different ratio-engine result. The specified formula is retained for analytics; the source ratio is retained for display/reference.
--------------------------------------------------------------------------------
Company: SIEMENS
Year: Sep 2024
Metric: ROCE
Calculated: 19.8516
Source: 25.6000
Difference: 5.7484
Category: DATA_SOURCE_ISSUE
Explanation: Source financial inputs produce a materially different ratio-engine result. The specified formula is retained for analytics; the source ratio is retained for display/reference.
--------------------------------------------------------------------------------
Company: SUNPHARMA
Year: Mar 2013
Metric: ROCE
Calculated: 31.3705
Source: 17.3000
Difference: 14.0705
Category: DATA_SOURCE_ISSUE
Explanation: Source financial inputs produce a materially different ratio-engine result. The specified formula is retained for analytics; the source ratio is retained for display/reference.
--------------------------------------------------------------------------------
Company: SUNPHARMA
Year: Mar 2013
Metric: ROE
Calculated: 23.1421
Source: 16.7000
Difference: 6.4421
Category: DATA_SOURCE_ISSUE
Explanation: Source financial inputs produce a materially different ratio-engine result. The specified formula is retained for analytics; the source ratio is retained for display/reference.
--------------------------------------------------------------------------------
Company: SUNPHARMA
Year: Mar 2014
Metric: ROCE
Calculated: 33.2116
Source: 17.3000
Difference: 15.9116
Category: DATA_SOURCE_ISSUE
Explanation: Source financial inputs produce a materially different ratio-engine result. The specified formula is retained for analytics; the source ratio is retained for display/reference.
--------------------------------------------------------------------------------
Company: SUNPHARMA
Year: Mar 2015
Metric: ROCE
Calculated: 22.7926
Source: 17.3000
Difference: 5.4926
Category: DATA_SOURCE_ISSUE
Explanation: Source financial inputs produce a materially different ratio-engine result. The specified formula is retained for analytics; the source ratio is retained for display/reference.
--------------------------------------------------------------------------------
Company: SUNPHARMA
Year: Mar 2018
Metric: ROCE
Calculated: 11.5629
Source: 17.3000
Difference: 5.7371
Category: DATA_SOURCE_ISSUE
Explanation: Source financial inputs produce a materially different ratio-engine result. The specified formula is retained for analytics; the source ratio is retained for display/reference.
--------------------------------------------------------------------------------
Company: SUNPHARMA
Year: Mar 2018
Metric: ROE
Calculated: 6.6347
Source: 16.7000
Difference: 10.0653
Category: DATA_SOURCE_ISSUE
Explanation: Source financial inputs produce a materially different ratio-engine result. The specified formula is retained for analytics; the source ratio is retained for display/reference.
--------------------------------------------------------------------------------
Company: SUNPHARMA
Year: Mar 2019
Metric: ROCE
Calculated: 12.2816
Source: 17.3000
Difference: 5.0184
Category: DATA_SOURCE_ISSUE
Explanation: Source financial inputs produce a materially different ratio-engine result. The specified formula is retained for analytics; the source ratio is retained for display/reference.
--------------------------------------------------------------------------------
Company: SUNPHARMA
Year: Mar 2019
Metric: ROE
Calculated: 7.7471
Source: 16.7000
Difference: 8.9529
Category: DATA_SOURCE_ISSUE
Explanation: Source financial inputs produce a materially different ratio-engine result. The specified formula is retained for analytics; the source ratio is retained for display/reference.
--------------------------------------------------------------------------------
Company: SUNPHARMA
Year: Mar 2020
Metric: ROE
Calculated: 9.2168
Source: 16.7000
Difference: 7.4832
Category: DATA_SOURCE_ISSUE
Explanation: Source financial inputs produce a materially different ratio-engine result. The specified formula is retained for analytics; the source ratio is retained for display/reference.
--------------------------------------------------------------------------------
Company: SUNPHARMA
Year: Mar 2021
Metric: ROE
Calculated: 4.8899
Source: 16.7000
Difference: 11.8101
Category: DATA_SOURCE_ISSUE
Explanation: Source financial inputs produce a materially different ratio-engine result. The specified formula is retained for analytics; the source ratio is retained for display/reference.
--------------------------------------------------------------------------------
Company: SUNPHARMA
Year: Mar 2022
Metric: ROE
Calculated: 7.0588
Source: 16.7000
Difference: 9.6412
Category: DATA_SOURCE_ISSUE
Explanation: Source financial inputs produce a materially different ratio-engine result. The specified formula is retained for analytics; the source ratio is retained for display/reference.
--------------------------------------------------------------------------------
Company: TATACONSUM
Year: Mar 2016
Metric: ROCE
Calculated: 4.8152
Source: 10.6000
Difference: 5.7848
Category: DATA_SOURCE_ISSUE
Explanation: Source financial inputs produce a materially different ratio-engine result. The specified formula is retained for analytics; the source ratio is retained for display/reference.
--------------------------------------------------------------------------------
Company: TATACONSUM
Year: Mar 2016
Metric: ROE
Calculated: -0.5923
Source: 8.3200
Difference: 8.9123
Category: DATA_SOURCE_ISSUE
Explanation: Source financial inputs produce a materially different ratio-engine result. The specified formula is retained for analytics; the source ratio is retained for display/reference.
--------------------------------------------------------------------------------
Company: TATAMOTORS
Year: Mar 2013
Metric: ROCE
Calculated: 26.9241
Source: 20.1000
Difference: 6.8241
Category: DATA_SOURCE_ISSUE
Explanation: Source financial inputs produce a materially different ratio-engine result. The specified formula is retained for analytics; the source ratio is retained for display/reference.
--------------------------------------------------------------------------------
Company: TATAMOTORS
Year: Mar 2013
Metric: ROE
Calculated: 26.5058
Source: 49.4000
Difference: 22.8942
Category: DATA_SOURCE_ISSUE
Explanation: Source financial inputs produce a materially different ratio-engine result. The specified formula is retained for analytics; the source ratio is retained for display/reference.
--------------------------------------------------------------------------------
Company: TATAMOTORS
Year: Mar 2014
Metric: ROCE
Calculated: 27.6072
Source: 20.1000
Difference: 7.5072
Category: DATA_SOURCE_ISSUE
Explanation: Source financial inputs produce a materially different ratio-engine result. The specified formula is retained for analytics; the source ratio is retained for display/reference.
--------------------------------------------------------------------------------
Company: TATAMOTORS
Year: Mar 2014
Metric: ROE
Calculated: 21.4164
Source: 49.4000
Difference: 27.9836
Category: DATA_SOURCE_ISSUE
Explanation: Source financial inputs produce a materially different ratio-engine result. The specified formula is retained for analytics; the source ratio is retained for display/reference.
--------------------------------------------------------------------------------
Company: TATAMOTORS
Year: Mar 2015
Metric: ROCE
Calculated: 30.2136
Source: 20.1000
Difference: 10.1136
Category: DATA_SOURCE_ISSUE
Explanation: Source financial inputs produce a materially different ratio-engine result. The specified formula is retained for analytics; the source ratio is retained for display/reference.
--------------------------------------------------------------------------------
Company: TATAMOTORS
Year: Mar 2015
Metric: ROE
Calculated: 25.0133
Source: 49.4000
Difference: 24.3867
Category: DATA_SOURCE_ISSUE
Explanation: Source financial inputs produce a materially different ratio-engine result. The specified formula is retained for analytics; the source ratio is retained for display/reference.
--------------------------------------------------------------------------------
Company: TATAMOTORS
Year: Mar 2016
Metric: ROCE
Calculated: 25.8880
Source: 20.1000
Difference: 5.7880
Category: DATA_SOURCE_ISSUE
Explanation: Source financial inputs produce a materially different ratio-engine result. The specified formula is retained for analytics; the source ratio is retained for display/reference.
--------------------------------------------------------------------------------
Company: TATAMOTORS
Year: Mar 2016
Metric: ROE
Calculated: 14.7913
Source: 49.4000
Difference: 34.6087
Category: DATA_SOURCE_ISSUE
Explanation: Source financial inputs produce a materially different ratio-engine result. The specified formula is retained for analytics; the source ratio is retained for display/reference.
--------------------------------------------------------------------------------
Company: TATAMOTORS
Year: Mar 2017
Metric: ROE
Calculated: 13.0154
Source: 49.4000
Difference: 36.3846
Category: DATA_SOURCE_ISSUE
Explanation: Source financial inputs produce a materially different ratio-engine result. The specified formula is retained for analytics; the source ratio is retained for display/reference.
--------------------------------------------------------------------------------
Company: TATAMOTORS
Year: Mar 2018
Metric: ROE
Calculated: 9.5266
Source: 49.4000
Difference: 39.8734
Category: DATA_SOURCE_ISSUE
Explanation: Source financial inputs produce a materially different ratio-engine result. The specified formula is retained for analytics; the source ratio is retained for display/reference.
--------------------------------------------------------------------------------
Company: TATAMOTORS
Year: Mar 2019
Metric: ROCE
Calculated: 14.8262
Source: 20.1000
Difference: 5.2738
Category: DATA_SOURCE_ISSUE
Explanation: Source financial inputs produce a materially different ratio-engine result. The specified formula is retained for analytics; the source ratio is retained for display/reference.
--------------------------------------------------------------------------------
Company: TATAMOTORS
Year: Mar 2019
Metric: ROE
Calculated: -47.7309
Source: 49.4000
Difference: 97.1309
Category: DATA_SOURCE_ISSUE
Explanation: Source financial inputs produce a materially different ratio-engine result. The specified formula is retained for analytics; the source ratio is retained for display/reference.
--------------------------------------------------------------------------------
Company: TATAMOTORS
Year: Mar 2020
Metric: ROCE
Calculated: 9.5743
Source: 20.1000
Difference: 10.5257
Category: DATA_SOURCE_ISSUE
Explanation: Source financial inputs produce a materially different ratio-engine result. The specified formula is retained for analytics; the source ratio is retained for display/reference.
--------------------------------------------------------------------------------
Company: TATAMOTORS
Year: Mar 2020
Metric: ROE
Calculated: -18.9841
Source: 49.4000
Difference: 68.3841
Category: DATA_SOURCE_ISSUE
Explanation: Source financial inputs produce a materially different ratio-engine result. The specified formula is retained for analytics; the source ratio is retained for display/reference.
--------------------------------------------------------------------------------
Company: TATAMOTORS
Year: Mar 2021
Metric: ROE
Calculated: -24.2457
Source: 49.4000
Difference: 73.6457
Category: DATA_SOURCE_ISSUE
Explanation: Source financial inputs produce a materially different ratio-engine result. The specified formula is retained for analytics; the source ratio is retained for display/reference.
--------------------------------------------------------------------------------
Company: TATAMOTORS
Year: Mar 2022
Metric: ROCE
Calculated: 12.9417
Source: 20.1000
Difference: 7.1583
Category: DATA_SOURCE_ISSUE
Explanation: Source financial inputs produce a materially different ratio-engine result. The specified formula is retained for analytics; the source ratio is retained for display/reference.
--------------------------------------------------------------------------------
Company: TATAMOTORS
Year: Mar 2022
Metric: ROE
Calculated: -25.3787
Source: 49.4000
Difference: 74.7787
Category: DATA_SOURCE_ISSUE
Explanation: Source financial inputs produce a materially different ratio-engine result. The specified formula is retained for analytics; the source ratio is retained for display/reference.
--------------------------------------------------------------------------------
Company: TATAMOTORS
Year: Mar 2023
Metric: ROE
Calculated: 5.9353
Source: 49.4000
Difference: 43.4647
Category: DATA_SOURCE_ISSUE
Explanation: Source financial inputs produce a materially different ratio-engine result. The specified formula is retained for analytics; the source ratio is retained for display/reference.
--------------------------------------------------------------------------------
Company: TATAMOTORS
Year: Mar 2024
Metric: ROCE
Calculated: 30.9803
Source: 20.1000
Difference: 10.8803
Category: DATA_SOURCE_ISSUE
Explanation: Source financial inputs produce a materially different ratio-engine result. The specified formula is retained for analytics; the source ratio is retained for display/reference.
--------------------------------------------------------------------------------
Company: TATAMOTORS
Year: Mar 2024
Metric: ROE
Calculated: 37.4561
Source: 49.4000
Difference: 11.9439
Category: DATA_SOURCE_ISSUE
Explanation: Source financial inputs produce a materially different ratio-engine result. The specified formula is retained for analytics; the source ratio is retained for display/reference.
--------------------------------------------------------------------------------
Company: TATAMOTORS
Year: Mar 2024
Metric: ROCE
Calculated: 28.6777
Source: 20.1000
Difference: 8.5777
Category: DATA_SOURCE_ISSUE
Explanation: Source financial inputs produce a materially different ratio-engine result. The specified formula is retained for analytics; the source ratio is retained for display/reference.
--------------------------------------------------------------------------------
Company: TATAMOTORS
Year: Mar 2024
Metric: ROE
Calculated: 31.4728
Source: 49.4000
Difference: 17.9272
Category: DATA_SOURCE_ISSUE
Explanation: Source financial inputs produce a materially different ratio-engine result. The specified formula is retained for analytics; the source ratio is retained for display/reference.
--------------------------------------------------------------------------------
Company: TATAPOWER
Year: Mar 2013
Metric: ROE
Calculated: 0.9972
Source: 11.3000
Difference: 10.3028
Category: DATA_SOURCE_ISSUE
Explanation: Source financial inputs produce a materially different ratio-engine result. The specified formula is retained for analytics; the source ratio is retained for display/reference.
--------------------------------------------------------------------------------
Company: TATAPOWER
Year: Mar 2014
Metric: ROE
Calculated: 0.0968
Source: 11.3000
Difference: 11.2032
Category: DATA_SOURCE_ISSUE
Explanation: Source financial inputs produce a materially different ratio-engine result. The specified formula is retained for analytics; the source ratio is retained for display/reference.
--------------------------------------------------------------------------------
Company: TATAPOWER
Year: Mar 2015
Metric: ROE
Calculated: 3.1918
Source: 11.3000
Difference: 8.1082
Category: DATA_SOURCE_ISSUE
Explanation: Source financial inputs produce a materially different ratio-engine result. The specified formula is retained for analytics; the source ratio is retained for display/reference.
--------------------------------------------------------------------------------
Company: TATAPOWER
Year: Mar 2016
Metric: ROCE
Calculated: 4.1698
Source: 11.1000
Difference: 6.9302
Category: DATA_SOURCE_ISSUE
Explanation: Source financial inputs produce a materially different ratio-engine result. The specified formula is retained for analytics; the source ratio is retained for display/reference.
--------------------------------------------------------------------------------
Company: TATAPOWER
Year: Mar 2018
Metric: ROCE
Calculated: 3.5314
Source: 11.1000
Difference: 7.5686
Category: DATA_SOURCE_ISSUE
Explanation: Source financial inputs produce a materially different ratio-engine result. The specified formula is retained for analytics; the source ratio is retained for display/reference.
--------------------------------------------------------------------------------
Company: TATAPOWER
Year: Mar 2019
Metric: ROCE
Calculated: 4.5951
Source: 11.1000
Difference: 6.5049
Category: DATA_SOURCE_ISSUE
Explanation: Source financial inputs produce a materially different ratio-engine result. The specified formula is retained for analytics; the source ratio is retained for display/reference.
--------------------------------------------------------------------------------
Company: TATASTEEL
Year: Mar 2013
Metric: ROE
Calculated: -21.2806
Source: 6.5500
Difference: 27.8306
Category: DATA_SOURCE_ISSUE
Explanation: Source financial inputs produce a materially different ratio-engine result. The specified formula is retained for analytics; the source ratio is retained for display/reference.
--------------------------------------------------------------------------------
Company: TATASTEEL
Year: Mar 2014
Metric: ROCE
Calculated: 13.2481
Source: 7.0200
Difference: 6.2281
Category: DATA_SOURCE_ISSUE
Explanation: Source financial inputs produce a materially different ratio-engine result. The specified formula is retained for analytics; the source ratio is retained for display/reference.
--------------------------------------------------------------------------------
Company: TATASTEEL
Year: Mar 2015
Metric: ROE
Calculated: -12.5650
Source: 6.5500
Difference: 19.1150
Category: DATA_SOURCE_ISSUE
Explanation: Source financial inputs produce a materially different ratio-engine result. The specified formula is retained for analytics; the source ratio is retained for display/reference.
--------------------------------------------------------------------------------
Company: TATASTEEL
Year: Mar 2016
Metric: ROCE
Calculated: -0.4971
Source: 7.0200
Difference: 7.5171
Category: DATA_SOURCE_ISSUE
Explanation: Source financial inputs produce a materially different ratio-engine result. The specified formula is retained for analytics; the source ratio is retained for display/reference.
--------------------------------------------------------------------------------
Company: TATASTEEL
Year: Mar 2016
Metric: ROE
Calculated: -1.1365
Source: 6.5500
Difference: 7.6865
Category: DATA_SOURCE_ISSUE
Explanation: Source financial inputs produce a materially different ratio-engine result. The specified formula is retained for analytics; the source ratio is retained for display/reference.
--------------------------------------------------------------------------------
Company: TATASTEEL
Year: Mar 2017
Metric: ROE
Calculated: -11.0236
Source: 6.5500
Difference: 17.5736
Category: DATA_SOURCE_ISSUE
Explanation: Source financial inputs produce a materially different ratio-engine result. The specified formula is retained for analytics; the source ratio is retained for display/reference.
--------------------------------------------------------------------------------
Company: TATASTEEL
Year: Mar 2018
Metric: ROCE
Calculated: 14.0068
Source: 7.0200
Difference: 6.9868
Category: DATA_SOURCE_ISSUE
Explanation: Source financial inputs produce a materially different ratio-engine result. The specified formula is retained for analytics; the source ratio is retained for display/reference.
--------------------------------------------------------------------------------
Company: TATASTEEL
Year: Mar 2018
Metric: ROE
Calculated: 29.1485
Source: 6.5500
Difference: 22.5985
Category: DATA_SOURCE_ISSUE
Explanation: Source financial inputs produce a materially different ratio-engine result. The specified formula is retained for analytics; the source ratio is retained for display/reference.
--------------------------------------------------------------------------------
Company: TATASTEEL
Year: Mar 2019
Metric: ROCE
Calculated: 17.2722
Source: 7.0200
Difference: 10.2522
Category: DATA_SOURCE_ISSUE
Explanation: Source financial inputs produce a materially different ratio-engine result. The specified formula is retained for analytics; the source ratio is retained for display/reference.
--------------------------------------------------------------------------------
Company: TATASTEEL
Year: Mar 2019
Metric: ROE
Calculated: 13.2347
Source: 6.5500
Difference: 6.6847
Category: DATA_SOURCE_ISSUE
Explanation: Source financial inputs produce a materially different ratio-engine result. The specified formula is retained for analytics; the source ratio is retained for display/reference.
--------------------------------------------------------------------------------
Company: TATASTEEL
Year: Mar 2021
Metric: ROCE
Calculated: 18.7440
Source: 7.0200
Difference: 11.7240
Category: DATA_SOURCE_ISSUE
Explanation: Source financial inputs produce a materially different ratio-engine result. The specified formula is retained for analytics; the source ratio is retained for display/reference.
--------------------------------------------------------------------------------
Company: TATASTEEL
Year: Mar 2022
Metric: ROCE
Calculated: 33.4151
Source: 7.0200
Difference: 26.3951
Category: DATA_SOURCE_ISSUE
Explanation: Source financial inputs produce a materially different ratio-engine result. The specified formula is retained for analytics; the source ratio is retained for display/reference.
--------------------------------------------------------------------------------
Company: TATASTEEL
Year: Mar 2022
Metric: ROE
Calculated: 36.4802
Source: 6.5500
Difference: 29.9302
Category: DATA_SOURCE_ISSUE
Explanation: Source financial inputs produce a materially different ratio-engine result. The specified formula is retained for analytics; the source ratio is retained for display/reference.
--------------------------------------------------------------------------------
Company: TATASTEEL
Year: Mar 2023
Metric: ROCE
Calculated: 17.1831
Source: 7.0200
Difference: 10.1631
Category: DATA_SOURCE_ISSUE
Explanation: Source financial inputs produce a materially different ratio-engine result. The specified formula is retained for analytics; the source ratio is retained for display/reference.
--------------------------------------------------------------------------------
Company: TATASTEEL
Year: Mar 2024
Metric: ROCE
Calculated: 12.4209
Source: 7.0200
Difference: 5.4009
Category: DATA_SOURCE_ISSUE
Explanation: Source financial inputs produce a materially different ratio-engine result. The specified formula is retained for analytics; the source ratio is retained for display/reference.
--------------------------------------------------------------------------------
Company: TATASTEEL
Year: Mar 2024
Metric: ROE
Calculated: -5.3349
Source: 6.5500
Difference: 11.8849
Category: DATA_SOURCE_ISSUE
Explanation: Source financial inputs produce a materially different ratio-engine result. The specified formula is retained for analytics; the source ratio is retained for display/reference.
--------------------------------------------------------------------------------
Company: TATASTEEL
Year: Mar 2024
Metric: ROE
Calculated: -5.4467
Source: 6.5500
Difference: 11.9967
Category: DATA_SOURCE_ISSUE
Explanation: Source financial inputs produce a materially different ratio-engine result. The specified formula is retained for analytics; the source ratio is retained for display/reference.
--------------------------------------------------------------------------------
Company: TCS
Year: Mar 2013
Metric: ROCE
Calculated: 46.4016
Source: 64.3000
Difference: 17.8984
Category: DATA_SOURCE_ISSUE
Explanation: Source financial inputs produce a materially different ratio-engine result. The specified formula is retained for analytics; the source ratio is retained for display/reference.
--------------------------------------------------------------------------------
Company: TCS
Year: Mar 2013
Metric: ROE
Calculated: 36.5174
Source: 0.5200
Difference: 35.9974
Category: DATA_SOURCE_ISSUE
Explanation: Source financial inputs produce a materially different ratio-engine result. The specified formula is retained for analytics; the source ratio is retained for display/reference.
--------------------------------------------------------------------------------
Company: TCS
Year: Mar 2014
Metric: ROCE
Calculated: 50.8224
Source: 64.3000
Difference: 13.4776
Category: DATA_SOURCE_ISSUE
Explanation: Source financial inputs produce a materially different ratio-engine result. The specified formula is retained for analytics; the source ratio is retained for display/reference.
--------------------------------------------------------------------------------
Company: TCS
Year: Mar 2014
Metric: ROE
Calculated: 39.2967
Source: 0.5200
Difference: 38.7767
Category: DATA_SOURCE_ISSUE
Explanation: Source financial inputs produce a materially different ratio-engine result. The specified formula is retained for analytics; the source ratio is retained for display/reference.
--------------------------------------------------------------------------------
Company: TCS
Year: Mar 2015
Metric: ROCE
Calculated: 48.0105
Source: 64.3000
Difference: 16.2895
Category: DATA_SOURCE_ISSUE
Explanation: Source financial inputs produce a materially different ratio-engine result. The specified formula is retained for analytics; the source ratio is retained for display/reference.
--------------------------------------------------------------------------------
Company: TCS
Year: Mar 2015
Metric: ROE
Calculated: 39.6169
Source: 0.5200
Difference: 39.0969
Category: DATA_SOURCE_ISSUE
Explanation: Source financial inputs produce a materially different ratio-engine result. The specified formula is retained for analytics; the source ratio is retained for display/reference.
--------------------------------------------------------------------------------
Company: TCS
Year: Mar 2016
Metric: ROCE
Calculated: 43.0150
Source: 64.3000
Difference: 21.2850
Category: DATA_SOURCE_ISSUE
Explanation: Source financial inputs produce a materially different ratio-engine result. The specified formula is retained for analytics; the source ratio is retained for display/reference.
--------------------------------------------------------------------------------
Company: TCS
Year: Mar 2016
Metric: ROE
Calculated: 34.2441
Source: 0.5200
Difference: 33.7241
Category: DATA_SOURCE_ISSUE
Explanation: Source financial inputs produce a materially different ratio-engine result. The specified formula is retained for analytics; the source ratio is retained for display/reference.
--------------------------------------------------------------------------------
Company: TCS
Year: Mar 2017
Metric: ROCE
Calculated: 37.3525
Source: 64.3000
Difference: 26.9475
Category: DATA_SOURCE_ISSUE
Explanation: Source financial inputs produce a materially different ratio-engine result. The specified formula is retained for analytics; the source ratio is retained for display/reference.
--------------------------------------------------------------------------------
Company: TCS
Year: Mar 2017
Metric: ROE
Calculated: 30.5716
Source: 0.5200
Difference: 30.0516
Category: DATA_SOURCE_ISSUE
Explanation: Source financial inputs produce a materially different ratio-engine result. The specified formula is retained for analytics; the source ratio is retained for display/reference.
--------------------------------------------------------------------------------
Company: TCS
Year: Mar 2018
Metric: ROCE
Calculated: 38.0861
Source: 64.3000
Difference: 26.2139
Category: DATA_SOURCE_ISSUE
Explanation: Source financial inputs produce a materially different ratio-engine result. The specified formula is retained for analytics; the source ratio is retained for display/reference.
--------------------------------------------------------------------------------
Company: TCS
Year: Mar 2018
Metric: ROE
Calculated: 30.4013
Source: 0.5200
Difference: 29.8813
Category: DATA_SOURCE_ISSUE
Explanation: Source financial inputs produce a materially different ratio-engine result. The specified formula is retained for analytics; the source ratio is retained for display/reference.
--------------------------------------------------------------------------------
Company: TCS
Year: Mar 2019
Metric: ROCE
Calculated: 44.1368
Source: 64.3000
Difference: 20.1632
Category: DATA_SOURCE_ISSUE
Explanation: Source financial inputs produce a materially different ratio-engine result. The specified formula is retained for analytics; the source ratio is retained for display/reference.
--------------------------------------------------------------------------------
Company: TCS
Year: Mar 2019
Metric: ROE
Calculated: 35.2861
Source: 0.5200
Difference: 34.7661
Category: DATA_SOURCE_ISSUE
Explanation: Source financial inputs produce a materially different ratio-engine result. The specified formula is retained for analytics; the source ratio is retained for display/reference.
--------------------------------------------------------------------------------
Company: TCS
Year: Mar 2020
Metric: ROCE
Calculated: 45.6219
Source: 64.3000
Difference: 18.6781
Category: DATA_SOURCE_ISSUE
Explanation: Source financial inputs produce a materially different ratio-engine result. The specified formula is retained for analytics; the source ratio is retained for display/reference.
--------------------------------------------------------------------------------
Company: TCS
Year: Mar 2020
Metric: ROE
Calculated: 38.5695
Source: 0.5200
Difference: 38.0495
Category: DATA_SOURCE_ISSUE
Explanation: Source financial inputs produce a materially different ratio-engine result. The specified formula is retained for analytics; the source ratio is retained for display/reference.
--------------------------------------------------------------------------------
Company: TCS
Year: Mar 2021
Metric: ROCE
Calculated: 49.3972
Source: 64.3000
Difference: 14.9028
Category: DATA_SOURCE_ISSUE
Explanation: Source financial inputs produce a materially different ratio-engine result. The specified formula is retained for analytics; the source ratio is retained for display/reference.
--------------------------------------------------------------------------------
Company: TCS
Year: Mar 2021
Metric: ROE
Calculated: 37.6731
Source: 0.5200
Difference: 37.1531
Category: DATA_SOURCE_ISSUE
Explanation: Source financial inputs produce a materially different ratio-engine result. The specified formula is retained for analytics; the source ratio is retained for display/reference.
--------------------------------------------------------------------------------
Company: TCS
Year: Mar 2022
Metric: ROCE
Calculated: 54.7222
Source: 64.3000
Difference: 9.5778
Category: DATA_SOURCE_ISSUE
Explanation: Source financial inputs produce a materially different ratio-engine result. The specified formula is retained for analytics; the source ratio is retained for display/reference.
--------------------------------------------------------------------------------
Company: TCS
Year: Mar 2022
Metric: ROE
Calculated: 43.1338
Source: 0.5200
Difference: 42.6138
Category: DATA_SOURCE_ISSUE
Explanation: Source financial inputs produce a materially different ratio-engine result. The specified formula is retained for analytics; the source ratio is retained for display/reference.
--------------------------------------------------------------------------------
Company: TCS
Year: Mar 2023
Metric: ROE
Calculated: 46.7829
Source: 0.5200
Difference: 46.2629
Category: DATA_SOURCE_ISSUE
Explanation: Source financial inputs produce a materially different ratio-engine result. The specified formula is retained for analytics; the source ratio is retained for display/reference.
--------------------------------------------------------------------------------
Company: TCS
Year: Mar 2024
Metric: ROE
Calculated: 50.9443
Source: 0.5200
Difference: 50.4243
Category: DATA_SOURCE_ISSUE
Explanation: Source financial inputs produce a materially different ratio-engine result. The specified formula is retained for analytics; the source ratio is retained for display/reference.
--------------------------------------------------------------------------------
Company: TCS
Year: Mar 2024
Metric: ROCE
Calculated: 58.1648
Source: 64.3000
Difference: 6.1352
Category: DATA_SOURCE_ISSUE
Explanation: Source financial inputs produce a materially different ratio-engine result. The specified formula is retained for analytics; the source ratio is retained for display/reference.
--------------------------------------------------------------------------------
Company: TCS
Year: Mar 2024
Metric: ROE
Calculated: 45.4200
Source: 0.5200
Difference: 44.9000
Category: DATA_SOURCE_ISSUE
Explanation: Source financial inputs produce a materially different ratio-engine result. The specified formula is retained for analytics; the source ratio is retained for display/reference.
--------------------------------------------------------------------------------
Company: TECHM
Year: Mar 2013
Metric: ROCE
Calculated: 20.8933
Source: 11.9000
Difference: 8.9933
Category: DATA_SOURCE_ISSUE
Explanation: Source financial inputs produce a materially different ratio-engine result. The specified formula is retained for analytics; the source ratio is retained for display/reference.
--------------------------------------------------------------------------------
Company: TECHM
Year: Mar 2013
Metric: ROE
Calculated: 24.0877
Source: 8.6300
Difference: 15.4577
Category: DATA_SOURCE_ISSUE
Explanation: Source financial inputs produce a materially different ratio-engine result. The specified formula is retained for analytics; the source ratio is retained for display/reference.
--------------------------------------------------------------------------------
Company: TECHM
Year: Mar 2014
Metric: ROCE
Calculated: 43.7087
Source: 11.9000
Difference: 31.8087
Category: DATA_SOURCE_ISSUE
Explanation: Source financial inputs produce a materially different ratio-engine result. The specified formula is retained for analytics; the source ratio is retained for display/reference.
--------------------------------------------------------------------------------
Company: TECHM
Year: Mar 2014
Metric: ROE
Calculated: 33.3479
Source: 8.6300
Difference: 24.7179
Category: DATA_SOURCE_ISSUE
Explanation: Source financial inputs produce a materially different ratio-engine result. The specified formula is retained for analytics; the source ratio is retained for display/reference.
--------------------------------------------------------------------------------
Company: TECHM
Year: Mar 2015
Metric: ROCE
Calculated: 32.3834
Source: 11.9000
Difference: 20.4834
Category: DATA_SOURCE_ISSUE
Explanation: Source financial inputs produce a materially different ratio-engine result. The specified formula is retained for analytics; the source ratio is retained for display/reference.
--------------------------------------------------------------------------------
Company: TECHM
Year: Mar 2015
Metric: ROE
Calculated: 21.7097
Source: 8.6300
Difference: 13.0797
Category: DATA_SOURCE_ISSUE
Explanation: Source financial inputs produce a materially different ratio-engine result. The specified formula is retained for analytics; the source ratio is retained for display/reference.
--------------------------------------------------------------------------------
Company: TECHM
Year: Mar 2016
Metric: ROCE
Calculated: 27.1649
Source: 11.9000
Difference: 15.2649
Category: DATA_SOURCE_ISSUE
Explanation: Source financial inputs produce a materially different ratio-engine result. The specified formula is retained for analytics; the source ratio is retained for display/reference.
--------------------------------------------------------------------------------
Company: TECHM
Year: Mar 2016
Metric: ROE
Calculated: 20.7457
Source: 8.6300
Difference: 12.1157
Category: DATA_SOURCE_ISSUE
Explanation: Source financial inputs produce a materially different ratio-engine result. The specified formula is retained for analytics; the source ratio is retained for display/reference.
--------------------------------------------------------------------------------
Company: TECHM
Year: Mar 2017
Metric: ROCE
Calculated: 23.5017
Source: 11.9000
Difference: 11.6017
Category: DATA_SOURCE_ISSUE
Explanation: Source financial inputs produce a materially different ratio-engine result. The specified formula is retained for analytics; the source ratio is retained for display/reference.
--------------------------------------------------------------------------------
Company: TECHM
Year: Mar 2017
Metric: ROE
Calculated: 17.3450
Source: 8.6300
Difference: 8.7150
Category: DATA_SOURCE_ISSUE
Explanation: Source financial inputs produce a materially different ratio-engine result. The specified formula is retained for analytics; the source ratio is retained for display/reference.
--------------------------------------------------------------------------------
Company: TECHM
Year: Mar 2018
Metric: ROCE
Calculated: 22.1751
Source: 11.9000
Difference: 10.2751
Category: DATA_SOURCE_ISSUE
Explanation: Source financial inputs produce a materially different ratio-engine result. The specified formula is retained for analytics; the source ratio is retained for display/reference.
--------------------------------------------------------------------------------
Company: TECHM
Year: Mar 2018
Metric: ROE
Calculated: 20.0923
Source: 8.6300
Difference: 11.4623
Category: DATA_SOURCE_ISSUE
Explanation: Source financial inputs produce a materially different ratio-engine result. The specified formula is retained for analytics; the source ratio is retained for display/reference.
--------------------------------------------------------------------------------
Company: TECHM
Year: Mar 2019
Metric: ROCE
Calculated: 28.1451
Source: 11.9000
Difference: 16.2451
Category: DATA_SOURCE_ISSUE
Explanation: Source financial inputs produce a materially different ratio-engine result. The specified formula is retained for analytics; the source ratio is retained for display/reference.
--------------------------------------------------------------------------------
Company: TECHM
Year: Mar 2019
Metric: ROE
Calculated: 21.1437
Source: 8.6300
Difference: 12.5137
Category: DATA_SOURCE_ISSUE
Explanation: Source financial inputs produce a materially different ratio-engine result. The specified formula is retained for analytics; the source ratio is retained for display/reference.
--------------------------------------------------------------------------------
Company: TECHM
Year: Mar 2020
Metric: ROCE
Calculated: 21.5948
Source: 11.9000
Difference: 9.6948
Category: DATA_SOURCE_ISSUE
Explanation: Source financial inputs produce a materially different ratio-engine result. The specified formula is retained for analytics; the source ratio is retained for display/reference.
--------------------------------------------------------------------------------
Company: TECHM
Year: Mar 2020
Metric: ROE
Calculated: 17.8655
Source: 8.6300
Difference: 9.2355
Category: DATA_SOURCE_ISSUE
Explanation: Source financial inputs produce a materially different ratio-engine result. The specified formula is retained for analytics; the source ratio is retained for display/reference.
--------------------------------------------------------------------------------
Company: TECHM
Year: Mar 2021
Metric: ROCE
Calculated: 24.4760
Source: 11.9000
Difference: 12.5760
Category: DATA_SOURCE_ISSUE
Explanation: Source financial inputs produce a materially different ratio-engine result. The specified formula is retained for analytics; the source ratio is retained for display/reference.
--------------------------------------------------------------------------------
Company: TECHM
Year: Mar 2021
Metric: ROE
Calculated: 17.5065
Source: 8.6300
Difference: 8.8765
Category: DATA_SOURCE_ISSUE
Explanation: Source financial inputs produce a materially different ratio-engine result. The specified formula is retained for analytics; the source ratio is retained for display/reference.
--------------------------------------------------------------------------------
Company: TECHM
Year: Mar 2022
Metric: ROCE
Calculated: 27.1828
Source: 11.9000
Difference: 15.2828
Category: DATA_SOURCE_ISSUE
Explanation: Source financial inputs produce a materially different ratio-engine result. The specified formula is retained for analytics; the source ratio is retained for display/reference.
--------------------------------------------------------------------------------
Company: TECHM
Year: Mar 2022
Metric: ROE
Calculated: 20.9403
Source: 8.6300
Difference: 12.3103
Category: DATA_SOURCE_ISSUE
Explanation: Source financial inputs produce a materially different ratio-engine result. The specified formula is retained for analytics; the source ratio is retained for display/reference.
--------------------------------------------------------------------------------
Company: TECHM
Year: Mar 2023
Metric: ROCE
Calculated: 25.3163
Source: 11.9000
Difference: 13.4163
Category: DATA_SOURCE_ISSUE
Explanation: Source financial inputs produce a materially different ratio-engine result. The specified formula is retained for analytics; the source ratio is retained for display/reference.
--------------------------------------------------------------------------------
Company: TECHM
Year: Mar 2023
Metric: ROE
Calculated: 17.3936
Source: 8.6300
Difference: 8.7636
Category: DATA_SOURCE_ISSUE
Explanation: Source financial inputs produce a materially different ratio-engine result. The specified formula is retained for analytics; the source ratio is retained for display/reference.
--------------------------------------------------------------------------------
Company: TITAN
Year: Mar 2013
Metric: ROCE
Calculated: 51.4721
Source: 22.7000
Difference: 28.7721
Category: DATA_SOURCE_ISSUE
Explanation: Source financial inputs produce a materially different ratio-engine result. The specified formula is retained for analytics; the source ratio is retained for display/reference.
--------------------------------------------------------------------------------
Company: TITAN
Year: Mar 2014
Metric: ROCE
Calculated: 31.4414
Source: 22.7000
Difference: 8.7414
Category: DATA_SOURCE_ISSUE
Explanation: Source financial inputs produce a materially different ratio-engine result. The specified formula is retained for analytics; the source ratio is retained for display/reference.
--------------------------------------------------------------------------------
Company: TITAN
Year: Mar 2015
Metric: ROCE
Calculated: 36.2123
Source: 22.7000
Difference: 13.5123
Category: DATA_SOURCE_ISSUE
Explanation: Source financial inputs produce a materially different ratio-engine result. The specified formula is retained for analytics; the source ratio is retained for display/reference.
--------------------------------------------------------------------------------
Company: TITAN
Year: Mar 2015
Metric: ROE
Calculated: 26.4591
Source: 32.9000
Difference: 6.4409
Category: DATA_SOURCE_ISSUE
Explanation: Source financial inputs produce a materially different ratio-engine result. The specified formula is retained for analytics; the source ratio is retained for display/reference.
--------------------------------------------------------------------------------
Company: TITAN
Year: Mar 2016
Metric: ROE
Calculated: 19.2472
Source: 32.9000
Difference: 13.6528
Category: DATA_SOURCE_ISSUE
Explanation: Source financial inputs produce a materially different ratio-engine result. The specified formula is retained for analytics; the source ratio is retained for display/reference.
--------------------------------------------------------------------------------
Company: TITAN
Year: Mar 2017
Metric: ROE
Calculated: 16.4659
Source: 32.9000
Difference: 16.4341
Category: DATA_SOURCE_ISSUE
Explanation: Source financial inputs produce a materially different ratio-engine result. The specified formula is retained for analytics; the source ratio is retained for display/reference.
--------------------------------------------------------------------------------
Company: TITAN
Year: Mar 2018
Metric: ROE
Calculated: 21.6503
Source: 32.9000
Difference: 11.2497
Category: DATA_SOURCE_ISSUE
Explanation: Source financial inputs produce a materially different ratio-engine result. The specified formula is retained for analytics; the source ratio is retained for display/reference.
--------------------------------------------------------------------------------
Company: TITAN
Year: Mar 2019
Metric: ROE
Calculated: 22.8830
Source: 32.9000
Difference: 10.0170
Category: DATA_SOURCE_ISSUE
Explanation: Source financial inputs produce a materially different ratio-engine result. The specified formula is retained for analytics; the source ratio is retained for display/reference.
--------------------------------------------------------------------------------
Company: TITAN
Year: Mar 2020
Metric: ROE
Calculated: 22.3872
Source: 32.9000
Difference: 10.5128
Category: DATA_SOURCE_ISSUE
Explanation: Source financial inputs produce a materially different ratio-engine result. The specified formula is retained for analytics; the source ratio is retained for display/reference.
--------------------------------------------------------------------------------
Company: TITAN
Year: Mar 2021
Metric: ROCE
Calculated: 13.1329
Source: 22.7000
Difference: 9.5671
Category: DATA_SOURCE_ISSUE
Explanation: Source financial inputs produce a materially different ratio-engine result. The specified formula is retained for analytics; the source ratio is retained for display/reference.
--------------------------------------------------------------------------------
Company: TITAN
Year: Mar 2021
Metric: ROE
Calculated: 12.9919
Source: 32.9000
Difference: 19.9081
Category: DATA_SOURCE_ISSUE
Explanation: Source financial inputs produce a materially different ratio-engine result. The specified formula is retained for analytics; the source ratio is retained for display/reference.
--------------------------------------------------------------------------------
Company: TITAN
Year: Mar 2022
Metric: ROE
Calculated: 23.6268
Source: 32.9000
Difference: 9.2732
Category: DATA_SOURCE_ISSUE
Explanation: Source financial inputs produce a materially different ratio-engine result. The specified formula is retained for analytics; the source ratio is retained for display/reference.
--------------------------------------------------------------------------------
Company: TITAN
Year: Mar 2023
Metric: ROE
Calculated: 27.6264
Source: 32.9000
Difference: 5.2736
Category: DATA_SOURCE_ISSUE
Explanation: Source financial inputs produce a materially different ratio-engine result. The specified formula is retained for analytics; the source ratio is retained for display/reference.
--------------------------------------------------------------------------------
Company: TITAN
Year: Mar 2024
Metric: ROCE
Calculated: 16.8621
Source: 22.7000
Difference: 5.8379
Category: DATA_SOURCE_ISSUE
Explanation: Source financial inputs produce a materially different ratio-engine result. The specified formula is retained for analytics; the source ratio is retained for display/reference.
--------------------------------------------------------------------------------
Company: TORNTPHARM
Year: Mar 2013
Metric: ROCE
Calculated: 32.9551
Source: 23.2000
Difference: 9.7551
Category: DATA_SOURCE_ISSUE
Explanation: Source financial inputs produce a materially different ratio-engine result. The specified formula is retained for analytics; the source ratio is retained for display/reference.
--------------------------------------------------------------------------------
Company: TORNTPHARM
Year: Mar 2013
Metric: ROE
Calculated: 30.5907
Source: 24.2000
Difference: 6.3907
Category: DATA_SOURCE_ISSUE
Explanation: Source financial inputs produce a materially different ratio-engine result. The specified formula is retained for analytics; the source ratio is retained for display/reference.
--------------------------------------------------------------------------------
Company: TORNTPHARM
Year: Mar 2014
Metric: ROCE
Calculated: 31.4662
Source: 23.2000
Difference: 8.2662
Category: DATA_SOURCE_ISSUE
Explanation: Source financial inputs produce a materially different ratio-engine result. The specified formula is retained for analytics; the source ratio is retained for display/reference.
--------------------------------------------------------------------------------
Company: TORNTPHARM
Year: Mar 2014
Metric: ROE
Calculated: 34.8923
Source: 24.2000
Difference: 10.6923
Category: DATA_SOURCE_ISSUE
Explanation: Source financial inputs produce a materially different ratio-engine result. The specified formula is retained for analytics; the source ratio is retained for display/reference.
--------------------------------------------------------------------------------
Company: TORNTPHARM
Year: Mar 2015
Metric: ROE
Calculated: 30.1485
Source: 24.2000
Difference: 5.9485
Category: DATA_SOURCE_ISSUE
Explanation: Source financial inputs produce a materially different ratio-engine result. The specified formula is retained for analytics; the source ratio is retained for display/reference.
--------------------------------------------------------------------------------
Company: TORNTPHARM
Year: Mar 2016
Metric: ROCE
Calculated: 46.7499
Source: 23.2000
Difference: 23.5499
Category: DATA_SOURCE_ISSUE
Explanation: Source financial inputs produce a materially different ratio-engine result. The specified formula is retained for analytics; the source ratio is retained for display/reference.
--------------------------------------------------------------------------------
Company: TORNTPHARM
Year: Mar 2016
Metric: ROE
Calculated: 49.5993
Source: 24.2000
Difference: 25.3993
Category: DATA_SOURCE_ISSUE
Explanation: Source financial inputs produce a materially different ratio-engine result. The specified formula is retained for analytics; the source ratio is retained for display/reference.
--------------------------------------------------------------------------------
Company: TORNTPHARM
Year: Mar 2018
Metric: ROCE
Calculated: 12.1696
Source: 23.2000
Difference: 11.0304
Category: DATA_SOURCE_ISSUE
Explanation: Source financial inputs produce a materially different ratio-engine result. The specified formula is retained for analytics; the source ratio is retained for display/reference.
--------------------------------------------------------------------------------
Company: TORNTPHARM
Year: Mar 2018
Metric: ROE
Calculated: 14.6658
Source: 24.2000
Difference: 9.5342
Category: DATA_SOURCE_ISSUE
Explanation: Source financial inputs produce a materially different ratio-engine result. The specified formula is retained for analytics; the source ratio is retained for display/reference.
--------------------------------------------------------------------------------
Company: TORNTPHARM
Year: Mar 2019
Metric: ROE
Calculated: 9.2275
Source: 24.2000
Difference: 14.9725
Category: DATA_SOURCE_ISSUE
Explanation: Source financial inputs produce a materially different ratio-engine result. The specified formula is retained for analytics; the source ratio is retained for display/reference.
--------------------------------------------------------------------------------
Company: TORNTPHARM
Year: Mar 2022
Metric: ROE
Calculated: 13.0522
Source: 24.2000
Difference: 11.1478
Category: DATA_SOURCE_ISSUE
Explanation: Source financial inputs produce a materially different ratio-engine result. The specified formula is retained for analytics; the source ratio is retained for display/reference.
--------------------------------------------------------------------------------
Company: TORNTPHARM
Year: Mar 2024
Metric: ROCE
Calculated: 30.9616
Source: 23.2000
Difference: 7.7616
Category: DATA_SOURCE_ISSUE
Explanation: Source financial inputs produce a materially different ratio-engine result. The specified formula is retained for analytics; the source ratio is retained for display/reference.
--------------------------------------------------------------------------------
Company: TORNTPHARM
Year: Mar 2024
Metric: ROCE
Calculated: 31.6780
Source: 23.2000
Difference: 8.4780
Category: DATA_SOURCE_ISSUE
Explanation: Source financial inputs produce a materially different ratio-engine result. The specified formula is retained for analytics; the source ratio is retained for display/reference.
--------------------------------------------------------------------------------
Company: TRENT
Year: Mar 2013
Metric: ROCE
Calculated: 0.3177
Source: 23.8000
Difference: 23.4823
Category: DATA_SOURCE_ISSUE
Explanation: Source financial inputs produce a materially different ratio-engine result. The specified formula is retained for analytics; the source ratio is retained for display/reference.
--------------------------------------------------------------------------------
Company: TRENT
Year: Mar 2013
Metric: ROE
Calculated: -2.1933
Source: 27.2000
Difference: 29.3933
Category: DATA_SOURCE_ISSUE
Explanation: Source financial inputs produce a materially different ratio-engine result. The specified formula is retained for analytics; the source ratio is retained for display/reference.
--------------------------------------------------------------------------------
Company: TRENT
Year: Mar 2014
Metric: ROCE
Calculated: -0.7559
Source: 23.8000
Difference: 24.5559
Category: DATA_SOURCE_ISSUE
Explanation: Source financial inputs produce a materially different ratio-engine result. The specified formula is retained for analytics; the source ratio is retained for display/reference.
--------------------------------------------------------------------------------
Company: TRENT
Year: Mar 2014
Metric: ROE
Calculated: -1.9173
Source: 27.2000
Difference: 29.1173
Category: DATA_SOURCE_ISSUE
Explanation: Source financial inputs produce a materially different ratio-engine result. The specified formula is retained for analytics; the source ratio is retained for display/reference.
--------------------------------------------------------------------------------
Company: TRENT
Year: Mar 2015
Metric: ROCE
Calculated: 5.2102
Source: 23.8000
Difference: 18.5898
Category: DATA_SOURCE_ISSUE
Explanation: Source financial inputs produce a materially different ratio-engine result. The specified formula is retained for analytics; the source ratio is retained for display/reference.
--------------------------------------------------------------------------------
Company: TRENT
Year: Mar 2015
Metric: ROE
Calculated: 9.0717
Source: 27.2000
Difference: 18.1283
Category: DATA_SOURCE_ISSUE
Explanation: Source financial inputs produce a materially different ratio-engine result. The specified formula is retained for analytics; the source ratio is retained for display/reference.
--------------------------------------------------------------------------------
Company: TRENT
Year: Mar 2016
Metric: ROCE
Calculated: 4.8283
Source: 23.8000
Difference: 18.9717
Category: DATA_SOURCE_ISSUE
Explanation: Source financial inputs produce a materially different ratio-engine result. The specified formula is retained for analytics; the source ratio is retained for display/reference.
--------------------------------------------------------------------------------
Company: TRENT
Year: Mar 2016
Metric: ROE
Calculated: 3.7568
Source: 27.2000
Difference: 23.4432
Category: DATA_SOURCE_ISSUE
Explanation: Source financial inputs produce a materially different ratio-engine result. The specified formula is retained for analytics; the source ratio is retained for display/reference.
--------------------------------------------------------------------------------
Company: TRENT
Year: Mar 2017
Metric: ROCE
Calculated: 6.9108
Source: 23.8000
Difference: 16.8892
Category: DATA_SOURCE_ISSUE
Explanation: Source financial inputs produce a materially different ratio-engine result. The specified formula is retained for analytics; the source ratio is retained for display/reference.
--------------------------------------------------------------------------------
Company: TRENT
Year: Mar 2017
Metric: ROE
Calculated: 5.4945
Source: 27.2000
Difference: 21.7055
Category: DATA_SOURCE_ISSUE
Explanation: Source financial inputs produce a materially different ratio-engine result. The specified formula is retained for analytics; the source ratio is retained for display/reference.
--------------------------------------------------------------------------------
Company: TRENT
Year: Mar 2018
Metric: ROCE
Calculated: 10.4733
Source: 23.8000
Difference: 13.3267
Category: DATA_SOURCE_ISSUE
Explanation: Source financial inputs produce a materially different ratio-engine result. The specified formula is retained for analytics; the source ratio is retained for display/reference.
--------------------------------------------------------------------------------
Company: TRENT
Year: Mar 2018
Metric: ROE
Calculated: 5.4545
Source: 27.2000
Difference: 21.7455
Category: DATA_SOURCE_ISSUE
Explanation: Source financial inputs produce a materially different ratio-engine result. The specified formula is retained for analytics; the source ratio is retained for display/reference.
--------------------------------------------------------------------------------
Company: TRENT
Year: Mar 2019
Metric: ROCE
Calculated: 11.2617
Source: 23.8000
Difference: 12.5383
Category: DATA_SOURCE_ISSUE
Explanation: Source financial inputs produce a materially different ratio-engine result. The specified formula is retained for analytics; the source ratio is retained for display/reference.
--------------------------------------------------------------------------------
Company: TRENT
Year: Mar 2019
Metric: ROE
Calculated: 5.7716
Source: 27.2000
Difference: 21.4284
Category: DATA_SOURCE_ISSUE
Explanation: Source financial inputs produce a materially different ratio-engine result. The specified formula is retained for analytics; the source ratio is retained for display/reference.
--------------------------------------------------------------------------------
Company: TRENT
Year: Mar 2020
Metric: ROE
Calculated: 4.4389
Source: 27.2000
Difference: 22.7611
Category: DATA_SOURCE_ISSUE
Explanation: Source financial inputs produce a materially different ratio-engine result. The specified formula is retained for analytics; the source ratio is retained for display/reference.
--------------------------------------------------------------------------------
Company: TRENT
Year: Mar 2021
Metric: ROCE
Calculated: 4.3628
Source: 23.8000
Difference: 19.4372
Category: DATA_SOURCE_ISSUE
Explanation: Source financial inputs produce a materially different ratio-engine result. The specified formula is retained for analytics; the source ratio is retained for display/reference.
--------------------------------------------------------------------------------
Company: TRENT
Year: Mar 2021
Metric: ROE
Calculated: -7.8253
Source: 27.2000
Difference: 35.0253
Category: DATA_SOURCE_ISSUE
Explanation: Source financial inputs produce a materially different ratio-engine result. The specified formula is retained for analytics; the source ratio is retained for display/reference.
--------------------------------------------------------------------------------
Company: TRENT
Year: Mar 2022
Metric: ROCE
Calculated: 8.3933
Source: 23.8000
Difference: 15.4067
Category: DATA_SOURCE_ISSUE
Explanation: Source financial inputs produce a materially different ratio-engine result. The specified formula is retained for analytics; the source ratio is retained for display/reference.
--------------------------------------------------------------------------------
Company: TRENT
Year: Mar 2022
Metric: ROE
Calculated: 1.4805
Source: 27.2000
Difference: 25.7195
Category: DATA_SOURCE_ISSUE
Explanation: Source financial inputs produce a materially different ratio-engine result. The specified formula is retained for analytics; the source ratio is retained for display/reference.
--------------------------------------------------------------------------------
Company: TRENT
Year: Mar 2023
Metric: ROCE
Calculated: 15.7790
Source: 23.8000
Difference: 8.0210
Category: DATA_SOURCE_ISSUE
Explanation: Source financial inputs produce a materially different ratio-engine result. The specified formula is retained for analytics; the source ratio is retained for display/reference.
--------------------------------------------------------------------------------
Company: TRENT
Year: Mar 2023
Metric: ROE
Calculated: 15.1772
Source: 27.2000
Difference: 12.0228
Category: DATA_SOURCE_ISSUE
Explanation: Source financial inputs produce a materially different ratio-engine result. The specified formula is retained for analytics; the source ratio is retained for display/reference.
--------------------------------------------------------------------------------
Company: TRENT
Year: Mar 2024
Metric: ROCE
Calculated: 33.8602
Source: 23.8000
Difference: 10.0602
Category: DATA_SOURCE_ISSUE
Explanation: Source financial inputs produce a materially different ratio-engine result. The specified formula is retained for analytics; the source ratio is retained for display/reference.
--------------------------------------------------------------------------------
Company: TRENT
Year: Mar 2024
Metric: ROE
Calculated: 36.3078
Source: 27.2000
Difference: 9.1078
Category: DATA_SOURCE_ISSUE
Explanation: Source financial inputs produce a materially different ratio-engine result. The specified formula is retained for analytics; the source ratio is retained for display/reference.
--------------------------------------------------------------------------------
Company: TRENT
Year: Mar 2024
Metric: ROCE
Calculated: 30.2208
Source: 23.8000
Difference: 6.4208
Category: DATA_SOURCE_ISSUE
Explanation: Source financial inputs produce a materially different ratio-engine result. The specified formula is retained for analytics; the source ratio is retained for display/reference.
--------------------------------------------------------------------------------
Company: INDIGO
Year: Mar 2013
Metric: ROCE
Calculated: 54207.7922
Source: 24.5000
Difference: 54183.2922
Category: DATA_SOURCE_ISSUE
Explanation: Source financial inputs produce a materially different ratio-engine result. The specified formula is retained for analytics; the source ratio is retained for display/reference.
--------------------------------------------------------------------------------
Company: INDIGO
Year: Mar 2014
Metric: ROCE
Calculated: 58065.2174
Source: 24.5000
Difference: 58040.7174
Category: DATA_SOURCE_ISSUE
Explanation: Source financial inputs produce a materially different ratio-engine result. The specified formula is retained for analytics; the source ratio is retained for display/reference.
--------------------------------------------------------------------------------
Company: INDIGO
Year: Mar 2015
Metric: ROCE
Calculated: 39546.0526
Source: 24.5000
Difference: 39521.5526
Category: DATA_SOURCE_ISSUE
Explanation: Source financial inputs produce a materially different ratio-engine result. The specified formula is retained for analytics; the source ratio is retained for display/reference.
--------------------------------------------------------------------------------
Company: INDIGO
Year: Mar 2016
Metric: ROCE
Calculated: 9443.9592
Source: 24.5000
Difference: 9419.4592
Category: DATA_SOURCE_ISSUE
Explanation: Source financial inputs produce a materially different ratio-engine result. The specified formula is retained for analytics; the source ratio is retained for display/reference.
--------------------------------------------------------------------------------
Company: INDIGO
Year: Mar 2017
Metric: ROCE
Calculated: 10908.0000
Source: 24.5000
Difference: 10883.5000
Category: DATA_SOURCE_ISSUE
Explanation: Source financial inputs produce a materially different ratio-engine result. The specified formula is retained for analytics; the source ratio is retained for display/reference.
--------------------------------------------------------------------------------
Company: INDIGO
Year: Mar 2018
Metric: ROCE
Calculated: 12981.1688
Source: 24.5000
Difference: 12956.6688
Category: DATA_SOURCE_ISSUE
Explanation: Source financial inputs produce a materially different ratio-engine result. The specified formula is retained for analytics; the source ratio is retained for display/reference.
--------------------------------------------------------------------------------
Company: INDIGO
Year: Mar 2019
Metric: ROCE
Calculated: 13201.8433
Source: 24.5000
Difference: 13177.3433
Category: DATA_SOURCE_ISSUE
Explanation: Source financial inputs produce a materially different ratio-engine result. The specified formula is retained for analytics; the source ratio is retained for display/reference.
--------------------------------------------------------------------------------
Company: INDIGO
Year: Mar 2020
Metric: ROCE
Calculated: 12475.1969
Source: 24.5000
Difference: 12450.6969
Category: DATA_SOURCE_ISSUE
Explanation: Source financial inputs produce a materially different ratio-engine result. The specified formula is retained for analytics; the source ratio is retained for display/reference.
--------------------------------------------------------------------------------
Company: INDIGO
Year: Mar 2021
Metric: ROCE
Calculated: 2554.6248
Source: 24.5000
Difference: 2530.1248
Category: DATA_SOURCE_ISSUE
Explanation: Source financial inputs produce a materially different ratio-engine result. The specified formula is retained for analytics; the source ratio is retained for display/reference.
--------------------------------------------------------------------------------
Company: INDIGO
Year: Mar 2022
Metric: ROCE
Calculated: 3832.7795
Source: 24.5000
Difference: 3808.2795
Category: DATA_SOURCE_ISSUE
Explanation: Source financial inputs produce a materially different ratio-engine result. The specified formula is retained for analytics; the source ratio is retained for display/reference.
--------------------------------------------------------------------------------
Company: INDIGO
Year: Mar 2023
Metric: ROCE
Calculated: 6074.2712
Source: 24.5000
Difference: 6049.7712
Category: DATA_SOURCE_ISSUE
Explanation: Source financial inputs produce a materially different ratio-engine result. The specified formula is retained for analytics; the source ratio is retained for display/reference.
--------------------------------------------------------------------------------
Company: INDIGO
Year: Mar 2024
Metric: ROCE
Calculated: 5640.8798
Source: 24.5000
Difference: 5616.3798
Category: DATA_SOURCE_ISSUE
Explanation: Source financial inputs produce a materially different ratio-engine result. The specified formula is retained for analytics; the source ratio is retained for display/reference.
--------------------------------------------------------------------------------
Company: INDIGO
Year: Mar 2024
Metric: ROCE
Calculated: 5403.1860
Source: 24.5000
Difference: 5378.6860
Category: DATA_SOURCE_ISSUE
Explanation: Source financial inputs produce a materially different ratio-engine result. The specified formula is retained for analytics; the source ratio is retained for display/reference.
